Employee #,Name,Reports to 1,Reports to 2,Reports to 3,Reports to 4,Reports to 5,Reports to 6,Reports to 7,Reports to 1 Level,Reports to 2 Level,Reports to 3 Level,Reports to 4 Level,Reports to 5 Level,Reports to 6 Level,Reports to 7 Level,Director,E-1,First Executive,Executive,Skip Level Manager,Employee Status
EMP00002,Meredith Kingsley,EMP00001,,,,,,,Level 1,,,,,,,,,EMP00001,EMP00001,,Active
EMP00003,Dorian Blackthorn,EMP00001,,,,,,,Level 1,,,,,,,,,EMP00001,EMP00001,,Active
EMP00004,Seraphina Ravenscroft,EMP00001,,,,,,,Level 1,,,,,,,,,EMP00001,EMP00001,,Active
EMP00005,Thorne Ashford,EMP00001,,,,,,,Level 1,,,,,,,,,EMP00001,EMP00001,,Active
EMP00006,Gideon Stonewall,EMP00001,,,,,,,Level 1,,,,,,,,,EMP00001,EMP00001,,Active
EMP00007,Eleanor Whitmore,EMP00001,,,,,,,Level 1,,,,,,,,,EMP00001,EMP00001,,Active
EMP00008,Will Jackson,EMP00005,EMP00001,,,,,,Level 1,Level 2,,,,,,,,EMP00005,EMP00001,,Active
EMP00009,Lauren Carter,EMP00003,EMP00001,,,,,,Level 1,Level 2,,,,,,,,EMP00003,EMP00001,,Active
EMP00010,Taylor Williams,EMP00005,EMP00001,,,,,,Level 1,Level 2,,,,,,,,EMP00005,EMP00001,,Active
EMP00011,Nora Thomas,EMP00001,,,,,,,Level 1,,,,,,,,,EMP00001,EMP00001,,Active
EMP00012,Kayla Rogers,EMP00005,EMP00001,,,,,,Level 1,Level 2,,,,,,,,EMP00005,EMP00001,,Active
EMP00013,Leo Lewis,EMP00002,EMP00001,,,,,,Level 1,Level 2,,,,,,,EMP00002,EMP00002,EMP00001,,Active
EMP00014,Ben Thomas,EMP00003,EMP00001,,,,,,Level 1,Level 2,,,,,,,,EMP00003,EMP00001,,Active
EMP00015,Stephanie Turner,EMP00009,EMP00003,EMP00001,,,,,Level 1,Level 2,Level 3,,,,,EMP00009,,EMP00003,EMP00001,,Active
EMP00016,Reid Campbell,EMP00011,EMP00001,,,,,,Level 1,Level 2,,,,,,EMP00011,,EMP00001,EMP00001,,Active
EMP00017,Michael Nelson,EMP00010,EMP00005,EMP00001,,,,,Level 1,Level 2,Level 3,,,,,EMP00010,,EMP00005,EMP00001,,Active
EMP00018,Dylan Anderson,EMP00014,EMP00003,EMP00001,,,,,Level 1,Level 2,Level 3,,,,,EMP00014,,EMP00003,EMP00001,,Active
EMP00019,Jake Evans,EMP00012,EMP00005,EMP00001,,,,,Level 1,Level 2,Level 3,,,,,EMP00012,,EMP00005,EMP00001,,Active
EMP00020,Rowan Collins,EMP00013,EMP00002,EMP00001,,,,,Level 1,Level 2,Level 3,,,,,EMP00013,EMP00002,EMP00002,EMP00001,,Active
EMP00021,Andrew Phillips,EMP00012,EMP00005,EMP00001,,,,,Level 1,Level 2,Level 3,,,,,EMP00012,,EMP00005,EMP00001,,Active
EMP00022,Taylor Young,EMP00010,EMP00005,EMP00001,,,,,Level 1,Level 2,Level 3,,,,,EMP00010,,EMP00005,EMP00001,,Terminated
EMP00023,Cole Lewis,EMP00014,EMP00003,EMP00001,,,,,Level 1,Level 2,Level 3,,,,,EMP00014,,EMP00003,EMP00001,,Active
EMP00024,Sam Martin,EMP00010,EMP00005,EMP00001,,,,,Level 1,Level 2,Level 3,,,,,EMP00010,,EMP00005,EMP00001,,Active
EMP00025,Will Smith,EMP00023,EMP00014,EMP00003,EMP00001,,,,Level 1,Level 2,Level 3,Level 4,,,,EMP00014,,EMP00003,EMP00001,,Active
EMP00026,Daniel Stewart,EMP00012,EMP00005,EMP00001,,,,,Level 1,Level 2,Level 3,,,,,EMP00012,,EMP00005,EMP00001,,Active
EMP00027,Aria Torres,EMP00009,EMP00003,EMP00001,,,,,Level 1,Level 2,Level 3,,,,,EMP00009,,EMP00003,EMP00001,,Active
EMP00028,Samantha Jackson,EMP00012,EMP00005,EMP00001,,,,,Level 1,Level 2,Level 3,,,,,EMP00012,,EMP00005,EMP00001,,Active
EMP00029,Sarah Brown,EMP00012,EMP00005,EMP00001,,,,,Level 1,Level 2,Level 3,,,,,EMP00012,,EMP00005,EMP00001,,Active
EMP00030,Taylor Garcia,EMP00024,EMP00010,EMP00005,EMP00001,,,,Level 1,Level 2,Level 3,Level 4,,,,EMP00010,,EMP00005,EMP00001,,Active
EMP00031,Owen Perez,EMP00014,EMP00003,EMP00001,,,,,Level 1,Level 2,Level 3,,,,,EMP00014,,EMP00003,EMP00001,,Active
EMP00032,Aria Stewart,EMP00023,EMP00014,EMP00003,EMP00001,,,,Level 1,Level 2,Level 3,Level 4,,,,EMP00014,,EMP00003,EMP00001,,Active
EMP00033,Drew Collins,EMP00009,EMP00003,EMP00001,,,,,Level 1,Level 2,Level 3,,,,,EMP00009,,EMP00003,EMP00001,,Active
EMP00034,Kayla Robinson,EMP00013,EMP00002,EMP00001,,,,,Level 1,Level 2,Level 3,,,,,EMP00013,EMP00002,EMP00002,EMP00001,,Terminated
EMP00035,Reid Walker,EMP00011,EMP00001,,,,,,Level 1,Level 2,,,,,,EMP00011,,EMP00001,EMP00001,,Active
EMP00036,Violet Williams,EMP00010,EMP00005,EMP00001,,,,,Level 1,Level 2,Level 3,,,,,EMP00010,,EMP00005,EMP00001,,Active
EMP00037,Reid Harris,EMP00012,EMP00005,EMP00001,,,,,Level 1,Level 2,Level 3,,,,,EMP00012,,EMP00005,EMP00001,,Part Time
EMP00038,Ella Edwards,EMP00014,EMP00003,EMP00001,,,,,Level 1,Level 2,Level 3,,,,,EMP00014,,EMP00003,EMP00001,,Active
EMP00039,Samantha Robinson,EMP00024,EMP00010,EMP00005,EMP00001,,,,Level 1,Level 2,Level 3,Level 4,,,,EMP00010,,EMP00005,EMP00001,,Active
EMP00040,Zoe Nguyen,EMP00014,EMP00003,EMP00001,,,,,Level 1,Level 2,Level 3,,,,,EMP00014,,EMP00003,EMP00001,,Active
EMP00041,Emerson Taylor,EMP00013,EMP00002,EMP00001,,,,,Level 1,Level 2,Level 3,,,,,EMP00013,EMP00002,EMP00002,EMP00001,,Active
EMP00042,Lauren Taylor,EMP00009,EMP00003,EMP00001,,,,,Level 1,Level 2,Level 3,,,,,EMP00009,,EMP00003,EMP00001,,Active
EMP00043,Chloe Mitchell,EMP00023,EMP00014,EMP00003,EMP00001,,,,Level 1,Level 2,Level 3,Level 4,,,,EMP00014,,EMP00003,EMP00001,,Active
EMP00044,Daniel Rodriguez,EMP00024,EMP00010,EMP00005,EMP00001,,,,Level 1,Level 2,Level 3,Level 4,,,,EMP00010,,EMP00005,EMP00001,,Active
EMP00045,Skyler Clark,EMP00013,EMP00002,EMP00001,,,,,Level 1,Level 2,Level 3,,,,,EMP00013,EMP00002,EMP00002,EMP00001,,Active
EMP00046,Rowan Johnson,EMP00011,EMP00001,,,,,,Level 1,Level 2,,,,,,EMP00011,,EMP00001,EMP00001,,Active
EMP00047,Daniel Carter,EMP00014,EMP00003,EMP00001,,,,,Level 1,Level 2,Level 3,,,,,EMP00014,,EMP00003,EMP00001,,Active
EMP00048,Aria Hill,EMP00008,EMP00005,EMP00001,,,,,Level 1,Level 2,Level 3,,,,,EMP00008,,EMP00005,EMP00001,,Active
EMP00049,Drew Martinez,EMP00024,EMP00010,EMP00005,EMP00001,,,,Level 1,Level 2,Level 3,Level 4,,,,EMP00010,,EMP00005,EMP00001,,Active
EMP00050,Nora Clark,EMP00023,EMP00014,EMP00003,EMP00001,,,,Level 1,Level 2,Level 3,Level 4,,,,EMP00014,,EMP00003,EMP00001,,Active
EMP00051,Ashley Clark,EMP00009,EMP00003,EMP00001,,,,,Level 1,Level 2,Level 3,,,,,EMP00009,,EMP00003,EMP00001,,Active
EMP00052,Bryn Anderson,EMP00012,EMP00005,EMP00001,,,,,Level 1,Level 2,Level 3,,,,,EMP00012,,EMP00005,EMP00001,,Active
EMP00053,Taylor Garcia,EMP00012,EMP00005,EMP00001,,,,,Level 1,Level 2,Level 3,,,,,EMP00012,,EMP00005,EMP00001,,Active
EMP00054,Kai Carter,EMP00024,EMP00010,EMP00005,EMP00001,,,,Level 1,Level 2,Level 3,Level 4,,,,EMP00010,,EMP00005,EMP00001,,Active
EMP00055,Jason Sanchez,EMP00012,EMP00005,EMP00001,,,,,Level 1,Level 2,Level 3,,,,,EMP00012,,EMP00005,EMP00001,,Active
EMP00056,Reid Turner,EMP00009,EMP00003,EMP00001,,,,,Level 1,Level 2,Level 3,,,,,EMP00009,,EMP00003,EMP00001,,Active
EMP00057,Nora Johnson,EMP00009,EMP00003,EMP00001,,,,,Level 1,Level 2,Level 3,,,,,EMP00009,,EMP00003,EMP00001,,Active
EMP00058,Sarah Allen,EMP00011,EMP00001,,,,,,Level 1,Level 2,,,,,,EMP00011,,EMP00001,EMP00001,,Active
EMP00059,Blake Parker,EMP00009,EMP00003,EMP00001,,,,,Level 1,Level 2,Level 3,,,,,EMP00009,,EMP00003,EMP00001,,Active
EMP00060,Casey Brown,EMP00010,EMP00005,EMP00001,,,,,Level 1,Level 2,Level 3,,,,,EMP00010,,EMP00005,EMP00001,,Contractor
EMP00061,Aurora Miller,EMP00056,EMP00009,EMP00003,EMP00001,,,,Level 1,Level 2,Level 3,Level 4,,,,EMP00009,,EMP00003,EMP00001,,Active
EMP00062,James Perez,EMP00047,EMP00014,EMP00003,EMP00001,,,,Level 1,Level 2,Level 3,Level 4,,,,EMP00014,,EMP00003,EMP00001,,Active
EMP00063,Aria Scott,EMP00013,EMP00002,EMP00001,,,,,Level 1,Level 2,Level 3,,,,,EMP00013,EMP00002,EMP00002,EMP00001,,Active
EMP00064,Finn Evans,EMP00014,EMP00003,EMP00001,,,,,Level 1,Level 2,Level 3,,,,,EMP00014,,EMP00003,EMP00001,,Active
EMP00065,Aurora Anderson,EMP00047,EMP00014,EMP00003,EMP00001,,,,Level 1,Level 2,Level 3,Level 4,,,,EMP00014,,EMP00003,EMP00001,,Leave of Absence
EMP00066,Jake Brown,EMP00060,EMP00010,EMP00005,EMP00001,,,,Level 1,Level 2,Level 3,Level 4,,,,EMP00010,,EMP00005,EMP00001,,Active
EMP00067,Liam Allen,EMP00013,EMP00002,EMP00001,,,,,Level 1,Level 2,Level 3,,,,,EMP00013,EMP00002,EMP00002,EMP00001,,Terminated
EMP00068,Skyler Smith,EMP00011,EMP00001,,,,,,Level 1,Level 2,,,,,,EMP00011,,EMP00001,EMP00001,,Active
EMP00069,Matt Jackson,EMP00024,EMP00010,EMP00005,EMP00001,,,,Level 1,Level 2,Level 3,Level 4,,,,EMP00010,,EMP00005,EMP00001,,Contractor
EMP00070,James Thompson,EMP00024,EMP00010,EMP00005,EMP00001,,,,Level 1,Level 2,Level 3,Level 4,,,,EMP00010,,EMP00005,EMP00001,,Active
EMP00071,Casey Jackson,EMP00014,EMP00003,EMP00001,,,,,Level 1,Level 2,Level 3,,,,,EMP00014,,EMP00003,EMP00001,,Part Time
EMP00072,Luke Moore,EMP00010,EMP00005,EMP00001,,,,,Level 1,Level 2,Level 3,,,,,EMP00010,,EMP00005,EMP00001,,Active
EMP00073,Ella Miller,EMP00010,EMP00005,EMP00001,,,,,Level 1,Level 2,Level 3,,,,,EMP00010,,EMP00005,EMP00001,,Active
EMP00074,Sarah Carter,EMP00055,EMP00012,EMP00005,EMP00001,,,,Level 1,Level 2,Level 3,Level 4,,,,EMP00012,,EMP00005,EMP00001,,Active
EMP00075,Drew Martinez,EMP00010,EMP00005,EMP00001,,,,,Level 1,Level 2,Level 3,,,,,EMP00010,,EMP00005,EMP00001,,Active
EMP00076,Sage Davis,EMP00009,EMP00003,EMP00001,,,,,Level 1,Level 2,Level 3,,,,,EMP00009,,EMP00003,EMP00001,,Active
EMP00077,Will Nguyen,EMP00011,EMP00001,,,,,,Level 1,Level 2,,,,,,EMP00011,,EMP00001,EMP00001,,Active
EMP00078,Liam Turner,EMP00055,EMP00012,EMP00005,EMP00001,,,,Level 1,Level 2,Level 3,Level 4,,,,EMP00012,,EMP00005,EMP00001,,Active
EMP00079,Finn Rogers,EMP00013,EMP00002,EMP00001,,,,,Level 1,Level 2,Level 3,,,,,EMP00013,EMP00002,EMP00002,EMP00001,,Terminated
EMP00080,Finn Nelson,EMP00008,EMP00005,EMP00001,,,,,Level 1,Level 2,Level 3,,,,,EMP00008,,EMP00005,EMP00001,,Contractor
EMP00081,Will Walker,EMP00014,EMP00003,EMP00001,,,,,Level 1,Level 2,Level 3,,,,,EMP00014,,EMP00003,EMP00001,,Active
EMP00082,Chloe Allen,EMP00011,EMP00001,,,,,,Level 1,Level 2,,,,,,EMP00011,,EMP00001,EMP00001,,Active
EMP00083,Kevin Parker,EMP00008,EMP00005,EMP00001,,,,,Level 1,Level 2,Level 3,,,,,EMP00008,,EMP00005,EMP00001,,Active
EMP00084,Violet Green,EMP00012,EMP00005,EMP00001,,,,,Level 1,Level 2,Level 3,,,,,EMP00012,,EMP00005,EMP00001,,Active
EMP00085,Sarah Harris,EMP00014,EMP00003,EMP00001,,,,,Level 1,Level 2,Level 3,,,,,EMP00014,,EMP00003,EMP00001,,Active
EMP00086,Casey Rodriguez,EMP00010,EMP00005,EMP00001,,,,,Level 1,Level 2,Level 3,,,,,EMP00010,,EMP00005,EMP00001,,Active
EMP00087,Leo Stewart,EMP00060,EMP00010,EMP00005,EMP00001,,,,Level 1,Level 2,Level 3,Level 4,,,,EMP00010,,EMP00005,EMP00001,,Terminated
EMP00088,Matt Stewart,EMP00013,EMP00002,EMP00001,,,,,Level 1,Level 2,Level 3,,,,,EMP00013,EMP00002,EMP00002,EMP00001,,Active
EMP00089,Sage Lee,EMP00013,EMP00002,EMP00001,,,,,Level 1,Level 2,Level 3,,,,,EMP00013,EMP00002,EMP00002,EMP00001,,Active
EMP00090,Ben Turner,EMP00047,EMP00014,EMP00003,EMP00001,,,,Level 1,Level 2,Level 3,Level 4,,,,EMP00014,,EMP00003,EMP00001,,Active
EMP00091,Kai Nelson,EMP00047,EMP00014,EMP00003,EMP00001,,,,Level 1,Level 2,Level 3,Level 4,,,,EMP00014,,EMP00003,EMP00001,,Active
EMP00092,David Clark,EMP00010,EMP00005,EMP00001,,,,,Level 1,Level 2,Level 3,,,,,EMP00010,,EMP00005,EMP00001,,Terminated
EMP00093,Reid Campbell,EMP00088,EMP00013,EMP00002,EMP00001,,,,Level 1,Level 2,Level 3,Level 4,,,,EMP00013,EMP00002,EMP00002,EMP00001,,Active
EMP00094,Ezra Nelson,EMP00060,EMP00010,EMP00005,EMP00001,,,,Level 1,Level 2,Level 3,Level 4,,,,EMP00010,,EMP00005,EMP00001,,Active
EMP00095,Skyler Nguyen,EMP00009,EMP00003,EMP00001,,,,,Level 1,Level 2,Level 3,,,,,EMP00009,,EMP00003,EMP00001,,Active
EMP00096,Sam Perez,EMP00009,EMP00003,EMP00001,,,,,Level 1,Level 2,Level 3,,,,,EMP00009,,EMP00003,EMP00001,,Active
EMP00097,Jason Rodriguez,EMP00060,EMP00010,EMP00005,EMP00001,,,,Level 1,Level 2,Level 3,Level 4,,,,EMP00010,,EMP00005,EMP00001,,Active
EMP00098,Quinn Morris,EMP00023,EMP00014,EMP00003,EMP00001,,,,Level 1,Level 2,Level 3,Level 4,,,,EMP00014,,EMP00003,EMP00001,,Active
EMP00099,Blake Brown,EMP00088,EMP00013,EMP00002,EMP00001,,,,Level 1,Level 2,Level 3,Level 4,,,,EMP00013,EMP00002,EMP00002,EMP00001,,Active
EMP00100,Leo Williams,EMP00023,EMP00014,EMP00003,EMP00001,,,,Level 1,Level 2,Level 3,Level 4,,,,EMP00014,,EMP00003,EMP00001,,Active
EMP00101,Isla Rodriguez,EMP00056,EMP00009,EMP00003,EMP00001,,,,Level 1,Level 2,Level 3,Level 4,,,,EMP00009,,EMP00003,EMP00001,,Active
EMP00102,Casey Collins,EMP00009,EMP00003,EMP00001,,,,,Level 1,Level 2,Level 3,,,,,EMP00009,,EMP00003,EMP00001,,Active
EMP00103,Amanda Allen,EMP00092,EMP00010,EMP00005,EMP00001,,,,Level 1,Level 2,Level 3,Level 4,,,,EMP00010,,EMP00005,EMP00001,,Active
EMP00104,Sage Young,EMP00010,EMP00005,EMP00001,,,,,Level 1,Level 2,Level 3,,,,,EMP00010,,EMP00005,EMP00001,,Active
EMP00105,Sage Clark,EMP00009,EMP00003,EMP00001,,,,,Level 1,Level 2,Level 3,,,,,EMP00009,,EMP00003,EMP00001,,Terminated
EMP00106,Peyton Phillips,EMP00092,EMP00010,EMP00005,EMP00001,,,,Level 1,Level 2,Level 3,Level 4,,,,EMP00010,,EMP00005,EMP00001,,Active
EMP00107,Jade Lee,EMP00024,EMP00010,EMP00005,EMP00001,,,,Level 1,Level 2,Level 3,Level 4,,,,EMP00010,,EMP00005,EMP00001,,Terminated
EMP00108,Matt Johnson,EMP00047,EMP00014,EMP00003,EMP00001,,,,Level 1,Level 2,Level 3,Level 4,,,,EMP00014,,EMP00003,EMP00001,,Active
EMP00109,Lily Hernandez,EMP00055,EMP00012,EMP00005,EMP00001,,,,Level 1,Level 2,Level 3,Level 4,,,,EMP00012,,EMP00005,EMP00001,,Active
EMP00110,Quinn Adams,EMP00008,EMP00005,EMP00001,,,,,Level 1,Level 2,Level 3,,,,,EMP00008,,EMP00005,EMP00001,,Active
EMP00111,Kevin Adams,EMP00014,EMP00003,EMP00001,,,,,Level 1,Level 2,Level 3,,,,,EMP00014,,EMP00003,EMP00001,,Active
EMP00112,Noah Harris,EMP00012,EMP00005,EMP00001,,,,,Level 1,Level 2,Level 3,,,,,EMP00012,,EMP00005,EMP00001,,Active
EMP00113,Riley Morgan,EMP00014,EMP00003,EMP00001,,,,,Level 1,Level 2,Level 3,,,,,EMP00014,,EMP00003,EMP00001,,Active
EMP00114,Amanda Edwards,EMP00023,EMP00014,EMP00003,EMP00001,,,,Level 1,Level 2,Level 3,Level 4,,,,EMP00014,,EMP00003,EMP00001,,Active
EMP00115,Jade Harris,EMP00010,EMP00005,EMP00001,,,,,Level 1,Level 2,Level 3,,,,,EMP00010,,EMP00005,EMP00001,,Active
EMP00116,Emily Smith,EMP00013,EMP00002,EMP00001,,,,,Level 1,Level 2,Level 3,,,,,EMP00013,EMP00002,EMP00002,EMP00001,,Active
EMP00117,Zoe Smith,EMP00060,EMP00010,EMP00005,EMP00001,,,,Level 1,Level 2,Level 3,Level 4,,,,EMP00010,,EMP00005,EMP00001,,Active
EMP00118,Will Walker,EMP00011,EMP00001,,,,,,Level 1,Level 2,,,,,,EMP00011,,EMP00001,EMP00001,,Active
EMP00119,Ella Green,EMP00112,EMP00012,EMP00005,EMP00001,,,,Level 1,Level 2,Level 3,Level 4,,,,EMP00012,,EMP00005,EMP00001,,Contractor
EMP00120,Jade Johnson,EMP00088,EMP00013,EMP00002,EMP00001,,,,Level 1,Level 2,Level 3,Level 4,,,,EMP00013,EMP00002,EMP00002,EMP00001,,Active
EMP00121,Aurora Green,EMP00010,EMP00005,EMP00001,,,,,Level 1,Level 2,Level 3,,,,,EMP00010,,EMP00005,EMP00001,,Active
EMP00122,Stella Miller,EMP00092,EMP00010,EMP00005,EMP00001,,,,Level 1,Level 2,Level 3,Level 4,,,,EMP00010,,EMP00005,EMP00001,,Active
EMP00123,Matt Thompson,EMP00011,EMP00001,,,,,,Level 1,Level 2,,,,,,EMP00011,,EMP00001,EMP00001,,Active
EMP00124,Kayla King,EMP00013,EMP00002,EMP00001,,,,,Level 1,Level 2,Level 3,,,,,EMP00013,EMP00002,EMP00002,EMP00001,,Active
EMP00125,Zoe Smith,EMP00056,EMP00009,EMP00003,EMP00001,,,,Level 1,Level 2,Level 3,Level 4,,,,EMP00009,,EMP00003,EMP00001,,Active
EMP00126,Dylan Thompson,EMP00011,EMP00001,,,,,,Level 1,Level 2,,,,,,EMP00011,,EMP00001,EMP00001,,Active
EMP00127,Rowan Rodriguez,EMP00047,EMP00014,EMP00003,EMP00001,,,,Level 1,Level 2,Level 3,Level 4,,,,EMP00014,,EMP00003,EMP00001,,Active
EMP00128,Sage Allen,EMP00013,EMP00002,EMP00001,,,,,Level 1,Level 2,Level 3,,,,,EMP00013,EMP00002,EMP00002,EMP00001,,Active
EMP00129,Ezra Torres,EMP00056,EMP00009,EMP00003,EMP00001,,,,Level 1,Level 2,Level 3,Level 4,,,,EMP00009,,EMP00003,EMP00001,,Active
EMP00130,Dylan Murphy,EMP00056,EMP00009,EMP00003,EMP00001,,,,Level 1,Level 2,Level 3,Level 4,,,,EMP00009,,EMP00003,EMP00001,,Active
EMP00131,Rowan Wright,EMP00011,EMP00001,,,,,,Level 1,Level 2,,,,,,EMP00011,,EMP00001,EMP00001,,Active
EMP00132,Ella Morris,EMP00010,EMP00005,EMP00001,,,,,Level 1,Level 2,Level 3,,,,,EMP00010,,EMP00005,EMP00001,,Active
EMP00133,Ash Smith,EMP00060,EMP00010,EMP00005,EMP00001,,,,Level 1,Level 2,Level 3,Level 4,,,,EMP00010,,EMP00005,EMP00001,,Active
EMP00134,Mia Cook,EMP00013,EMP00002,EMP00001,,,,,Level 1,Level 2,Level 3,,,,,EMP00013,EMP00002,EMP00002,EMP00001,,Active
EMP00135,Emily Nelson,EMP00010,EMP00005,EMP00001,,,,,Level 1,Level 2,Level 3,,,,,EMP00010,,EMP00005,EMP00001,,Active
EMP00136,Sarah Rodriguez,EMP00055,EMP00012,EMP00005,EMP00001,,,,Level 1,Level 2,Level 3,Level 4,,,,EMP00012,,EMP00005,EMP00001,,Active
EMP00137,Nate White,EMP00008,EMP00005,EMP00001,,,,,Level 1,Level 2,Level 3,,,,,EMP00008,,EMP00005,EMP00001,,Active
EMP00138,Emily Cook,EMP00012,EMP00005,EMP00001,,,,,Level 1,Level 2,Level 3,,,,,EMP00012,,EMP00005,EMP00001,,Active
EMP00139,Liam Jackson,EMP00023,EMP00014,EMP00003,EMP00001,,,,Level 1,Level 2,Level 3,Level 4,,,,EMP00014,,EMP00003,EMP00001,,Active
EMP00140,June Mitchell,EMP00024,EMP00010,EMP00005,EMP00001,,,,Level 1,Level 2,Level 3,Level 4,,,,EMP00010,,EMP00005,EMP00001,,Active
EMP00141,Michael Martin,EMP00010,EMP00005,EMP00001,,,,,Level 1,Level 2,Level 3,,,,,EMP00010,,EMP00005,EMP00001,,Active
EMP00142,Andrew Davis,EMP00134,EMP00013,EMP00002,EMP00001,,,,Level 1,Level 2,Level 3,Level 4,,,,EMP00013,EMP00002,EMP00002,EMP00001,,Active
EMP00143,Miles Moore,EMP00056,EMP00009,EMP00003,EMP00001,,,,Level 1,Level 2,Level 3,Level 4,,,,EMP00009,,EMP00003,EMP00001,,Active
EMP00144,Riley Nguyen,EMP00013,EMP00002,EMP00001,,,,,Level 1,Level 2,Level 3,,,,,EMP00013,EMP00002,EMP00002,EMP00001,,Terminated
EMP00145,Bryn White,EMP00134,EMP00013,EMP00002,EMP00001,,,,Level 1,Level 2,Level 3,Level 4,,,,EMP00013,EMP00002,EMP00002,EMP00001,,Leave of Absence
EMP00146,Chloe Gonzalez,EMP00112,EMP00012,EMP00005,EMP00001,,,,Level 1,Level 2,Level 3,Level 4,,,,EMP00012,,EMP00005,EMP00001,,Part Time
EMP00147,Luke Smith,EMP00023,EMP00014,EMP00003,EMP00001,,,,Level 1,Level 2,Level 3,Level 4,,,,EMP00014,,EMP00003,EMP00001,,Active
EMP00148,Ezra Campbell,EMP00012,EMP00005,EMP00001,,,,,Level 1,Level 2,Level 3,,,,,EMP00012,,EMP00005,EMP00001,,Active
EMP00149,Samantha Jones,EMP00092,EMP00010,EMP00005,EMP00001,,,,Level 1,Level 2,Level 3,Level 4,,,,EMP00010,,EMP00005,EMP00001,,Active
EMP00150,Ryan Collins,EMP00010,EMP00005,EMP00001,,,,,Level 1,Level 2,Level 3,,,,,EMP00010,,EMP00005,EMP00001,,Active
EMP00151,David Robinson,EMP00008,EMP00005,EMP00001,,,,,Level 1,Level 2,Level 3,,,,,EMP00008,,EMP00005,EMP00001,,Active
EMP00152,Luke Davis,EMP00008,EMP00005,EMP00001,,,,,Level 1,Level 2,Level 3,,,,,EMP00008,,EMP00005,EMP00001,,Active
EMP00153,Skyler Adams,EMP00010,EMP00005,EMP00001,,,,,Level 1,Level 2,Level 3,,,,,EMP00010,,EMP00005,EMP00001,,Active
EMP00154,Lily Walker,EMP00008,EMP00005,EMP00001,,,,,Level 1,Level 2,Level 3,,,,,EMP00008,,EMP00005,EMP00001,,Active
EMP00155,David Thomas,EMP00060,EMP00010,EMP00005,EMP00001,,,,Level 1,Level 2,Level 3,Level 4,,,,EMP00010,,EMP00005,EMP00001,,Active
EMP00156,Blake Torres,EMP00009,EMP00003,EMP00001,,,,,Level 1,Level 2,Level 3,,,,,EMP00009,,EMP00003,EMP00001,,Active
EMP00157,Mia Turner,EMP00009,EMP00003,EMP00001,,,,,Level 1,Level 2,Level 3,,,,,EMP00009,,EMP00003,EMP00001,,Contractor
EMP00158,Cole Nelson,EMP00047,EMP00014,EMP00003,EMP00001,,,,Level 1,Level 2,Level 3,Level 4,,,,EMP00014,,EMP00003,EMP00001,,Active
EMP00159,Rachel Green,EMP00010,EMP00005,EMP00001,,,,,Level 1,Level 2,Level 3,,,,,EMP00010,,EMP00005,EMP00001,,Active
EMP00160,Dylan Taylor,EMP00088,EMP00013,EMP00002,EMP00001,,,,Level 1,Level 2,Level 3,Level 4,,,,EMP00013,EMP00002,EMP00002,EMP00001,,Contractor
EMP00161,Aurora Jones,EMP00055,EMP00012,EMP00005,EMP00001,,,,Level 1,Level 2,Level 3,Level 4,,,,EMP00012,,EMP00005,EMP00001,,Active
EMP00162,Lauren Green,EMP00011,EMP00001,,,,,,Level 1,Level 2,,,,,,EMP00011,,EMP00001,EMP00001,,Active
EMP00163,Stephanie Brown,EMP00008,EMP00005,EMP00001,,,,,Level 1,Level 2,Level 3,,,,,EMP00008,,EMP00005,EMP00001,,Active
EMP00164,Emily Nelson,EMP00009,EMP00003,EMP00001,,,,,Level 1,Level 2,Level 3,,,,,EMP00009,,EMP00003,EMP00001,,Active
EMP00165,Dylan Collins,EMP00088,EMP00013,EMP00002,EMP00001,,,,Level 1,Level 2,Level 3,Level 4,,,,EMP00013,EMP00002,EMP00002,EMP00001,,Contractor
EMP00166,Aurora Lopez,EMP00162,EMP00011,EMP00001,,,,,Level 1,Level 2,Level 3,,,,,EMP00011,,EMP00001,EMP00001,,Active
EMP00167,Wren Robinson,EMP00012,EMP00005,EMP00001,,,,,Level 1,Level 2,Level 3,,,,,EMP00012,,EMP00005,EMP00001,,Active
EMP00168,Hannah Harris,EMP00060,EMP00010,EMP00005,EMP00001,,,,Level 1,Level 2,Level 3,Level 4,,,,EMP00010,,EMP00005,EMP00001,,Active
EMP00169,Sam Cook,EMP00162,EMP00011,EMP00001,,,,,Level 1,Level 2,Level 3,,,,,EMP00011,,EMP00001,EMP00001,,Active
EMP00170,Drew Nelson,EMP00134,EMP00013,EMP00002,EMP00001,,,,Level 1,Level 2,Level 3,Level 4,,,,EMP00013,EMP00002,EMP00002,EMP00001,,Active
EMP00171,Megan Morris,EMP00008,EMP00005,EMP00001,,,,,Level 1,Level 2,Level 3,,,,,EMP00008,,EMP00005,EMP00001,,Active
EMP00172,Rowan Lewis,EMP00171,EMP00008,EMP00005,EMP00001,,,,Level 1,Level 2,Level 3,Level 4,,,,EMP00008,,EMP00005,EMP00001,,Active
EMP00173,Sam Nelson,EMP00013,EMP00002,EMP00001,,,,,Level 1,Level 2,Level 3,,,,,EMP00013,EMP00002,EMP00002,EMP00001,,Active
EMP00174,Dylan Robinson,EMP00162,EMP00011,EMP00001,,,,,Level 1,Level 2,Level 3,,,,,EMP00011,,EMP00001,EMP00001,,Contractor
EMP00175,Olivia Baker,EMP00023,EMP00014,EMP00003,EMP00001,,,,Level 1,Level 2,Level 3,Level 4,,,,EMP00014,,EMP00003,EMP00001,,Terminated
EMP00176,Luna Sanchez,EMP00157,EMP00009,EMP00003,EMP00001,,,,Level 1,Level 2,Level 3,Level 4,,,,EMP00009,,EMP00003,EMP00001,,Active
EMP00177,Luke Nelson,EMP00024,EMP00010,EMP00005,EMP00001,,,,Level 1,Level 2,Level 3,Level 4,,,,EMP00010,,EMP00005,EMP00001,,Active
EMP00178,Finn Davis,EMP00014,EMP00003,EMP00001,,,,,Level 1,Level 2,Level 3,,,,,EMP00014,,EMP00003,EMP00001,,Active
EMP00179,Nate Baker,EMP00112,EMP00012,EMP00005,EMP00001,,,,Level 1,Level 2,Level 3,Level 4,,,,EMP00012,,EMP00005,EMP00001,,Active
EMP00180,Reid Gonzalez,EMP00008,EMP00005,EMP00001,,,,,Level 1,Level 2,Level 3,,,,,EMP00008,,EMP00005,EMP00001,,Active
EMP00181,James Stewart,EMP00012,EMP00005,EMP00001,,,,,Level 1,Level 2,Level 3,,,,,EMP00012,,EMP00005,EMP00001,,Active
EMP00182,Nicole Phillips,EMP00024,EMP00010,EMP00005,EMP00001,,,,Level 1,Level 2,Level 3,Level 4,,,,EMP00010,,EMP00005,EMP00001,,Active
EMP00183,Luna Lewis,EMP00162,EMP00011,EMP00001,,,,,Level 1,Level 2,Level 3,,,,,EMP00011,,EMP00001,EMP00001,,Active
EMP00184,Jessica Allen,EMP00014,EMP00003,EMP00001,,,,,Level 1,Level 2,Level 3,,,,,EMP00014,,EMP00003,EMP00001,,Active
EMP00185,Ivy Perez,EMP00009,EMP00003,EMP00001,,,,,Level 1,Level 2,Level 3,,,,,EMP00009,,EMP00003,EMP00001,,Active
EMP00186,Hazel Brown,EMP00185,EMP00009,EMP00003,EMP00001,,,,Level 1,Level 2,Level 3,Level 4,,,,EMP00009,,EMP00003,EMP00001,,Active
EMP00187,Kai Adams,EMP00060,EMP00010,EMP00005,EMP00001,,,,Level 1,Level 2,Level 3,Level 4,,,,EMP00010,,EMP00005,EMP00001,,Contractor
EMP00188,Ryan Miller,EMP00152,EMP00008,EMP00005,EMP00001,,,,Level 1,Level 2,Level 3,Level 4,,,,EMP00008,,EMP00005,EMP00001,,Active
EMP00189,Nate Smith,EMP00185,EMP00009,EMP00003,EMP00001,,,,Level 1,Level 2,Level 3,Level 4,,,,EMP00009,,EMP00003,EMP00001,,Active
EMP00190,Violet Murphy,EMP00009,EMP00003,EMP00001,,,,,Level 1,Level 2,Level 3,,,,,EMP00009,,EMP00003,EMP00001,,Active
EMP00191,Violet Lewis,EMP00009,EMP00003,EMP00001,,,,,Level 1,Level 2,Level 3,,,,,EMP00009,,EMP00003,EMP00001,,Active
EMP00192,Avery Stewart,EMP00011,EMP00001,,,,,,Level 1,Level 2,,,,,,EMP00011,,EMP00001,EMP00001,,Active
EMP00193,Riley Cook,EMP00009,EMP00003,EMP00001,,,,,Level 1,Level 2,Level 3,,,,,EMP00009,,EMP00003,EMP00001,,Active
EMP00194,Aurora Robinson,EMP00151,EMP00008,EMP00005,EMP00001,,,,Level 1,Level 2,Level 3,Level 4,,,,EMP00008,,EMP00005,EMP00001,,Active
EMP00195,Drew Rogers,EMP00012,EMP00005,EMP00001,,,,,Level 1,Level 2,Level 3,,,,,EMP00012,,EMP00005,EMP00001,,Active
EMP00196,Emerson Turner,EMP00193,EMP00009,EMP00003,EMP00001,,,,Level 1,Level 2,Level 3,Level 4,,,,EMP00009,,EMP00003,EMP00001,,Active
EMP00197,Avery Carter,EMP00012,EMP00005,EMP00001,,,,,Level 1,Level 2,Level 3,,,,,EMP00012,,EMP00005,EMP00001,,Active
EMP00198,Tyler Allen,EMP00162,EMP00011,EMP00001,,,,,Level 1,Level 2,Level 3,,,,,EMP00011,,EMP00001,EMP00001,,Active
EMP00199,Kevin Jackson,EMP00134,EMP00013,EMP00002,EMP00001,,,,Level 1,Level 2,Level 3,Level 4,,,,EMP00013,EMP00002,EMP00002,EMP00001,,Active
EMP00200,Hazel Turner,EMP00151,EMP00008,EMP00005,EMP00001,,,,Level 1,Level 2,Level 3,Level 4,,,,EMP00008,,EMP00005,EMP00001,,Active
EMP00201,June Wright,EMP00047,EMP00014,EMP00003,EMP00001,,,,Level 1,Level 2,Level 3,Level 4,,,,EMP00014,,EMP00003,EMP00001,,Active
EMP00202,Riley Mitchell,EMP00185,EMP00009,EMP00003,EMP00001,,,,Level 1,Level 2,Level 3,Level 4,,,,EMP00009,,EMP00003,EMP00001,,Active
EMP00203,David Hernandez,EMP00162,EMP00011,EMP00001,,,,,Level 1,Level 2,Level 3,,,,,EMP00011,,EMP00001,EMP00001,,Active
EMP00204,Luke Williams,EMP00008,EMP00005,EMP00001,,,,,Level 1,Level 2,Level 3,,,,,EMP00008,,EMP00005,EMP00001,,Active
EMP00205,Ash Williams,EMP00152,EMP00008,EMP00005,EMP00001,,,,Level 1,Level 2,Level 3,Level 4,,,,EMP00008,,EMP00005,EMP00001,,Active
EMP00206,June Jackson,EMP00012,EMP00005,EMP00001,,,,,Level 1,Level 2,Level 3,,,,,EMP00012,,EMP00005,EMP00001,,Active
EMP00207,Ryan Lopez,EMP00010,EMP00005,EMP00001,,,,,Level 1,Level 2,Level 3,,,,,EMP00010,,EMP00005,EMP00001,,Active
EMP00208,Chris Carter,EMP00013,EMP00002,EMP00001,,,,,Level 1,Level 2,Level 3,,,,,EMP00013,EMP00002,EMP00002,EMP00001,,Active
EMP00209,Jason Turner,EMP00112,EMP00012,EMP00005,EMP00001,,,,Level 1,Level 2,Level 3,Level 4,,,,EMP00012,,EMP00005,EMP00001,,Active
EMP00210,Reid Gonzalez,EMP00151,EMP00008,EMP00005,EMP00001,,,,Level 1,Level 2,Level 3,Level 4,,,,EMP00008,,EMP00005,EMP00001,,Active
EMP00211,Finn Allen,EMP00013,EMP00002,EMP00001,,,,,Level 1,Level 2,Level 3,,,,,EMP00013,EMP00002,EMP00002,EMP00001,,Active
EMP00212,Riley Anderson,EMP00162,EMP00011,EMP00001,,,,,Level 1,Level 2,Level 3,,,,,EMP00011,,EMP00001,EMP00001,,Active
EMP00213,Hannah Hill,EMP00024,EMP00010,EMP00005,EMP00001,,,,Level 1,Level 2,Level 3,Level 4,,,,EMP00010,,EMP00005,EMP00001,,Active
EMP00214,Lauren Anderson,EMP00056,EMP00009,EMP00003,EMP00001,,,,Level 1,Level 2,Level 3,Level 4,,,,EMP00009,,EMP00003,EMP00001,,Active
EMP00215,Brian Hill,EMP00009,EMP00003,EMP00001,,,,,Level 1,Level 2,Level 3,,,,,EMP00009,,EMP00003,EMP00001,,Active
EMP00216,Ben Garcia,EMP00208,EMP00013,EMP00002,EMP00001,,,,Level 1,Level 2,Level 3,Level 4,,,,EMP00013,EMP00002,EMP00002,EMP00001,,Active
EMP00217,Zoe Rodriguez,EMP00112,EMP00012,EMP00005,EMP00001,,,,Level 1,Level 2,Level 3,Level 4,,,,EMP00012,,EMP00005,EMP00001,,Terminated
EMP00218,Wren Clark,EMP00056,EMP00009,EMP00003,EMP00001,,,,Level 1,Level 2,Level 3,Level 4,,,,EMP00009,,EMP00003,EMP00001,,Active
EMP00219,Rowan Rivera,EMP00008,EMP00005,EMP00001,,,,,Level 1,Level 2,Level 3,,,,,EMP00008,,EMP00005,EMP00001,,Active
EMP00220,Blake White,EMP00204,EMP00008,EMP00005,EMP00001,,,,Level 1,Level 2,Level 3,Level 4,,,,EMP00008,,EMP00005,EMP00001,,Active
EMP00221,Ashley Campbell,EMP00060,EMP00010,EMP00005,EMP00001,,,,Level 1,Level 2,Level 3,Level 4,,,,EMP00010,,EMP00005,EMP00001,,Active
EMP00222,Rowan Ramirez,EMP00060,EMP00010,EMP00005,EMP00001,,,,Level 1,Level 2,Level 3,Level 4,,,,EMP00010,,EMP00005,EMP00001,,Active
EMP00223,Kevin Williams,EMP00023,EMP00014,EMP00003,EMP00001,,,,Level 1,Level 2,Level 3,Level 4,,,,EMP00014,,EMP00003,EMP00001,,Active
EMP00224,Emily Scott,EMP00060,EMP00010,EMP00005,EMP00001,,,,Level 1,Level 2,Level 3,Level 4,,,,EMP00010,,EMP00005,EMP00001,,Active
EMP00225,Daniel Collins,EMP00112,EMP00012,EMP00005,EMP00001,,,,Level 1,Level 2,Level 3,Level 4,,,,EMP00012,,EMP00005,EMP00001,,Active
EMP00226,Noah Baker,EMP00134,EMP00013,EMP00002,EMP00001,,,,Level 1,Level 2,Level 3,Level 4,,,,EMP00013,EMP00002,EMP00002,EMP00001,,Active
EMP00227,Nate Thompson,EMP00185,EMP00009,EMP00003,EMP00001,,,,Level 1,Level 2,Level 3,Level 4,,,,EMP00009,,EMP00003,EMP00001,,Active
EMP00228,Michael Mitchell,EMP00055,EMP00012,EMP00005,EMP00001,,,,Level 1,Level 2,Level 3,Level 4,,,,EMP00012,,EMP00005,EMP00001,,Active
EMP00229,Isla Collins,EMP00162,EMP00011,EMP00001,,,,,Level 1,Level 2,Level 3,,,,,EMP00011,,EMP00001,EMP00001,,Active
EMP00230,Ash Miller,EMP00024,EMP00010,EMP00005,EMP00001,,,,Level 1,Level 2,Level 3,Level 4,,,,EMP00010,,EMP00005,EMP00001,,Active
EMP00231,Ethan Nguyen,EMP00204,EMP00008,EMP00005,EMP00001,,,,Level 1,Level 2,Level 3,Level 4,,,,EMP00008,,EMP00005,EMP00001,,Active
EMP00232,Luna Young,EMP00011,EMP00001,,,,,,Level 1,Level 2,,,,,,EMP00011,,EMP00001,EMP00001,,Active
EMP00233,Ethan White,EMP00011,EMP00001,,,,,,Level 1,Level 2,,,,,,EMP00011,,EMP00001,EMP00001,,Active
EMP00234,Michael Harris,EMP00157,EMP00009,EMP00003,EMP00001,,,,Level 1,Level 2,Level 3,Level 4,,,,EMP00009,,EMP00003,EMP00001,,Active
EMP00235,Drew Nelson,EMP00013,EMP00002,EMP00001,,,,,Level 1,Level 2,Level 3,,,,,EMP00013,EMP00002,EMP00002,EMP00001,,Active
EMP00236,Liam Miller,EMP00134,EMP00013,EMP00002,EMP00001,,,,Level 1,Level 2,Level 3,Level 4,,,,EMP00013,EMP00002,EMP00002,EMP00001,,Active
EMP00237,Kayla Campbell,EMP00162,EMP00011,EMP00001,,,,,Level 1,Level 2,Level 3,,,,,EMP00011,,EMP00001,EMP00001,,Active
EMP00238,Blake Ramirez,EMP00023,EMP00014,EMP00003,EMP00001,,,,Level 1,Level 2,Level 3,Level 4,,,,EMP00014,,EMP00003,EMP00001,,Active
EMP00239,Wren Stewart,EMP00112,EMP00012,EMP00005,EMP00001,,,,Level 1,Level 2,Level 3,Level 4,,,,EMP00012,,EMP00005,EMP00001,,Active
EMP00240,Liam Thomas,EMP00157,EMP00009,EMP00003,EMP00001,,,,Level 1,Level 2,Level 3,Level 4,,,,EMP00009,,EMP00003,EMP00001,,Active
EMP00241,Daniel Baker,EMP00012,EMP00005,EMP00001,,,,,Level 1,Level 2,Level 3,,,,,EMP00012,,EMP00005,EMP00001,,Active
EMP00242,Samantha Garcia,EMP00056,EMP00009,EMP00003,EMP00001,,,,Level 1,Level 2,Level 3,Level 4,,,,EMP00009,,EMP00003,EMP00001,,Active
EMP00243,Rachel Gonzalez,EMP00193,EMP00009,EMP00003,EMP00001,,,,Level 1,Level 2,Level 3,Level 4,,,,EMP00009,,EMP00003,EMP00001,,Contractor
EMP00244,Zoe Mitchell,EMP00157,EMP00009,EMP00003,EMP00001,,,,Level 1,Level 2,Level 3,Level 4,,,,EMP00009,,EMP00003,EMP00001,,Active
EMP00245,Ash Davis,EMP00011,EMP00001,,,,,,Level 1,Level 2,,,,,,EMP00011,,EMP00001,EMP00001,,Active
EMP00246,Lily Nelson,EMP00009,EMP00003,EMP00001,,,,,Level 1,Level 2,Level 3,,,,,EMP00009,,EMP00003,EMP00001,,Active
EMP00247,Kevin Torres,EMP00134,EMP00013,EMP00002,EMP00001,,,,Level 1,Level 2,Level 3,Level 4,,,,EMP00013,EMP00002,EMP00002,EMP00001,,Active
EMP00248,Morgan Adams,EMP00208,EMP00013,EMP00002,EMP00001,,,,Level 1,Level 2,Level 3,Level 4,,,,EMP00013,EMP00002,EMP00002,EMP00001,,Active
EMP00249,Wren Carter,EMP00011,EMP00001,,,,,,Level 1,Level 2,,,,,,EMP00011,,EMP00001,EMP00001,,Active
EMP00250,Jason Green,EMP00013,EMP00002,EMP00001,,,,,Level 1,Level 2,Level 3,,,,,EMP00013,EMP00002,EMP00002,EMP00001,,Active
EMP00251,Will Jones,EMP00009,EMP00003,EMP00001,,,,,Level 1,Level 2,Level 3,,,,,EMP00009,,EMP00003,EMP00001,,Active
EMP00252,Miles Rivera,EMP00245,EMP00011,EMP00001,,,,,Level 1,Level 2,Level 3,,,,,EMP00011,,EMP00001,EMP00001,,Terminated
EMP00253,Noah Evans,EMP00010,EMP00005,EMP00001,,,,,Level 1,Level 2,Level 3,,,,,EMP00010,,EMP00005,EMP00001,,Leave of Absence
EMP00254,Morgan Evans,EMP00171,EMP00008,EMP00005,EMP00001,,,,Level 1,Level 2,Level 3,Level 4,,,,EMP00008,,EMP00005,EMP00001,,Active
EMP00255,Sarah Phillips,EMP00193,EMP00009,EMP00003,EMP00001,,,,Level 1,Level 2,Level 3,Level 4,,,,EMP00009,,EMP00003,EMP00001,,Active
EMP00256,Aria King,EMP00047,EMP00014,EMP00003,EMP00001,,,,Level 1,Level 2,Level 3,Level 4,,,,EMP00014,,EMP00003,EMP00001,,Active
EMP00257,Michael Walker,EMP00012,EMP00005,EMP00001,,,,,Level 1,Level 2,Level 3,,,,,EMP00012,,EMP00005,EMP00001,,Active
EMP00258,Kayla Jones,EMP00185,EMP00009,EMP00003,EMP00001,,,,Level 1,Level 2,Level 3,Level 4,,,,EMP00009,,EMP00003,EMP00001,,Active
EMP00259,Riley Morgan,EMP00011,EMP00001,,,,,,Level 1,Level 2,,,,,,EMP00011,,EMP00001,EMP00001,,Active
EMP00260,Leo Johnson,EMP00250,EMP00013,EMP00002,EMP00001,,,,Level 1,Level 2,Level 3,Level 4,,,,EMP00013,EMP00002,EMP00002,EMP00001,,Active
EMP00261,Avery Robinson,EMP00013,EMP00002,EMP00001,,,,,Level 1,Level 2,Level 3,,,,,EMP00013,EMP00002,EMP00002,EMP00001,,Active
EMP00262,Rachel Gonzalez,EMP00152,EMP00008,EMP00005,EMP00001,,,,Level 1,Level 2,Level 3,Level 4,,,,EMP00008,,EMP00005,EMP00001,,Active
EMP00263,Finn Moore,EMP00047,EMP00014,EMP00003,EMP00001,,,,Level 1,Level 2,Level 3,Level 4,,,,EMP00014,,EMP00003,EMP00001,,Active
EMP00264,Tyler Torres,EMP00024,EMP00010,EMP00005,EMP00001,,,,Level 1,Level 2,Level 3,Level 4,,,,EMP00010,,EMP00005,EMP00001,,Active
EMP00265,Matt Nelson,EMP00047,EMP00014,EMP00003,EMP00001,,,,Level 1,Level 2,Level 3,Level 4,,,,EMP00014,,EMP00003,EMP00001,,Active
EMP00266,Jessica Rodriguez,EMP00009,EMP00003,EMP00001,,,,,Level 1,Level 2,Level 3,,,,,EMP00009,,EMP00003,EMP00001,,Active
EMP00267,Cole Walker,EMP00208,EMP00013,EMP00002,EMP00001,,,,Level 1,Level 2,Level 3,Level 4,,,,EMP00013,EMP00002,EMP00002,EMP00001,,Active
EMP00268,Miles Sanchez,EMP00261,EMP00013,EMP00002,EMP00001,,,,Level 1,Level 2,Level 3,Level 4,,,,EMP00013,EMP00002,EMP00002,EMP00001,,Active
EMP00269,Sage Harris,EMP00152,EMP00008,EMP00005,EMP00001,,,,Level 1,Level 2,Level 3,Level 4,,,,EMP00008,,EMP00005,EMP00001,,Active
EMP00270,Aurora Garcia,EMP00245,EMP00011,EMP00001,,,,,Level 1,Level 2,Level 3,,,,,EMP00011,,EMP00001,EMP00001,,Active
EMP00271,Daniel Turner,EMP00011,EMP00001,,,,,,Level 1,Level 2,,,,,,EMP00011,,EMP00001,EMP00001,,Active
EMP00272,Aria Phillips,EMP00008,EMP00005,EMP00001,,,,,Level 1,Level 2,Level 3,,,,,EMP00008,,EMP00005,EMP00001,,Active
EMP00273,Peyton Carter,EMP00135,EMP00010,EMP00005,EMP00001,,,,Level 1,Level 2,Level 3,Level 4,,,,EMP00010,,EMP00005,EMP00001,,Active
EMP00274,Casey Carter,EMP00056,EMP00009,EMP00003,EMP00001,,,,Level 1,Level 2,Level 3,Level 4,,,,EMP00009,,EMP00003,EMP00001,,Active
EMP00275,James Parker,EMP00261,EMP00013,EMP00002,EMP00001,,,,Level 1,Level 2,Level 3,Level 4,,,,EMP00013,EMP00002,EMP00002,EMP00001,,Active
EMP00276,Drew Morgan,EMP00251,EMP00009,EMP00003,EMP00001,,,,Level 1,Level 2,Level 3,Level 4,,,,EMP00009,,EMP00003,EMP00001,,Active
EMP00277,Ashley Johnson,EMP00162,EMP00011,EMP00001,,,,,Level 1,Level 2,Level 3,,,,,EMP00011,,EMP00001,EMP00001,,Active
EMP00278,Daniel Mitchell,EMP00162,EMP00011,EMP00001,,,,,Level 1,Level 2,Level 3,,,,,EMP00011,,EMP00001,EMP00001,,Terminated
EMP00279,Quinn Morris,EMP00162,EMP00011,EMP00001,,,,,Level 1,Level 2,Level 3,,,,,EMP00011,,EMP00001,EMP00001,,Active
EMP00280,Rachel Green,EMP00013,EMP00002,EMP00001,,,,,Level 1,Level 2,Level 3,,,,,EMP00013,EMP00002,EMP00002,EMP00001,,Active
EMP00281,Chloe Edwards,EMP00047,EMP00014,EMP00003,EMP00001,,,,Level 1,Level 2,Level 3,Level 4,,,,EMP00014,,EMP00003,EMP00001,,Active
EMP00282,Ezra Harris,EMP00013,EMP00002,EMP00001,,,,,Level 1,Level 2,Level 3,,,,,EMP00013,EMP00002,EMP00002,EMP00001,,Active
EMP00283,Ben Moore,EMP00135,EMP00010,EMP00005,EMP00001,,,,Level 1,Level 2,Level 3,Level 4,,,,EMP00010,,EMP00005,EMP00001,,Active
EMP00284,Lauren Jones,EMP00011,EMP00001,,,,,,Level 1,Level 2,,,,,,EMP00011,,EMP00001,EMP00001,,Active
EMP00285,Luke Stewart,EMP00246,EMP00009,EMP00003,EMP00001,,,,Level 1,Level 2,Level 3,Level 4,,,,EMP00009,,EMP00003,EMP00001,,Active
EMP00286,Rachel Roberts,EMP00012,EMP00005,EMP00001,,,,,Level 1,Level 2,Level 3,,,,,EMP00012,,EMP00005,EMP00001,,Active
EMP00287,Nora Stewart,EMP00204,EMP00008,EMP00005,EMP00001,,,,Level 1,Level 2,Level 3,Level 4,,,,EMP00008,,EMP00005,EMP00001,,Active
EMP00288,Blake Edwards,EMP00246,EMP00009,EMP00003,EMP00001,,,,Level 1,Level 2,Level 3,Level 4,,,,EMP00009,,EMP00003,EMP00001,,Active
EMP00289,Violet Nelson,EMP00013,EMP00002,EMP00001,,,,,Level 1,Level 2,Level 3,,,,,EMP00013,EMP00002,EMP00002,EMP00001,,Active
EMP00290,Stella Turner,EMP00185,EMP00009,EMP00003,EMP00001,,,,Level 1,Level 2,Level 3,Level 4,,,,EMP00009,,EMP00003,EMP00001,,Terminated
EMP00291,Noah Sanchez,EMP00282,EMP00013,EMP00002,EMP00001,,,,Level 1,Level 2,Level 3,Level 4,,,,EMP00013,EMP00002,EMP00002,EMP00001,,Active
EMP00292,Morgan Martinez,EMP00246,EMP00009,EMP00003,EMP00001,,,,Level 1,Level 2,Level 3,Level 4,,,,EMP00009,,EMP00003,EMP00001,,Terminated
EMP00293,Jason Lopez,EMP00289,EMP00013,EMP00002,EMP00001,,,,Level 1,Level 2,Level 3,Level 4,,,,EMP00013,EMP00002,EMP00002,EMP00001,,Active
EMP00294,Hazel King,EMP00012,EMP00005,EMP00001,,,,,Level 1,Level 2,Level 3,,,,,EMP00012,,EMP00005,EMP00001,,Active
EMP00295,Luna Thompson,EMP00250,EMP00013,EMP00002,EMP00001,,,,Level 1,Level 2,Level 3,Level 4,,,,EMP00013,EMP00002,EMP00002,EMP00001,,Active
EMP00296,Jake Rodriguez,EMP00056,EMP00009,EMP00003,EMP00001,,,,Level 1,Level 2,Level 3,Level 4,,,,EMP00009,,EMP00003,EMP00001,,Terminated
EMP00297,Michael Martinez,EMP00245,EMP00011,EMP00001,,,,,Level 1,Level 2,Level 3,,,,,EMP00011,,EMP00001,EMP00001,,Active
EMP00298,Nora Walker,EMP00134,EMP00013,EMP00002,EMP00001,,,,Level 1,Level 2,Level 3,Level 4,,,,EMP00013,EMP00002,EMP00002,EMP00001,,Active
EMP00299,Reid Baker,EMP00014,EMP00003,EMP00001,,,,,Level 1,Level 2,Level 3,,,,,EMP00014,,EMP00003,EMP00001,,Active
EMP00300,Nate Scott,EMP00014,EMP00003,EMP00001,,,,,Level 1,Level 2,Level 3,,,,,EMP00014,,EMP00003,EMP00001,,Active
EMP00301,Rowan Baker,EMP00008,EMP00005,EMP00001,,,,,Level 1,Level 2,Level 3,,,,,EMP00008,,EMP00005,EMP00001,,Active
EMP00302,Sarah Moore,EMP00056,EMP00009,EMP00003,EMP00001,,,,Level 1,Level 2,Level 3,Level 4,,,,EMP00009,,EMP00003,EMP00001,,Active
EMP00303,Skyler Nelson,EMP00289,EMP00013,EMP00002,EMP00001,,,,Level 1,Level 2,Level 3,Level 4,,,,EMP00013,EMP00002,EMP00002,EMP00001,,Active
EMP00304,Sam Martinez,EMP00204,EMP00008,EMP00005,EMP00001,,,,Level 1,Level 2,Level 3,Level 4,,,,EMP00008,,EMP00005,EMP00001,,Active
EMP00305,Will Sanchez,EMP00060,EMP00010,EMP00005,EMP00001,,,,Level 1,Level 2,Level 3,Level 4,,,,EMP00010,,EMP00005,EMP00001,,Active
EMP00306,Kai Campbell,EMP00009,EMP00003,EMP00001,,,,,Level 1,Level 2,Level 3,,,,,EMP00009,,EMP00003,EMP00001,,Active
EMP00307,Nora Davis,EMP00047,EMP00014,EMP00003,EMP00001,,,,Level 1,Level 2,Level 3,Level 4,,,,EMP00014,,EMP00003,EMP00001,,Active
EMP00308,Avery Cook,EMP00251,EMP00009,EMP00003,EMP00001,,,,Level 1,Level 2,Level 3,Level 4,,,,EMP00009,,EMP00003,EMP00001,,Active
EMP00309,Bryn Wright,EMP00012,EMP00005,EMP00001,,,,,Level 1,Level 2,Level 3,,,,,EMP00012,,EMP00005,EMP00001,,Active
EMP00310,David Edwards,EMP00008,EMP00005,EMP00001,,,,,Level 1,Level 2,Level 3,,,,,EMP00008,,EMP00005,EMP00001,,Active
EMP00311,Wren Lewis,EMP00013,EMP00002,EMP00001,,,,,Level 1,Level 2,Level 3,,,,,EMP00013,EMP00002,EMP00002,EMP00001,,Active
EMP00312,June Allen,EMP00023,EMP00014,EMP00003,EMP00001,,,,Level 1,Level 2,Level 3,Level 4,,,,EMP00014,,EMP00003,EMP00001,,Active
EMP00313,Brian Ramirez,EMP00011,EMP00001,,,,,,Level 1,Level 2,,,,,,EMP00011,,EMP00001,EMP00001,,Terminated
EMP00314,Luna Gonzalez,EMP00112,EMP00012,EMP00005,EMP00001,,,,Level 1,Level 2,Level 3,Level 4,,,,EMP00012,,EMP00005,EMP00001,,Active
EMP00315,Nicole Morgan,EMP00171,EMP00008,EMP00005,EMP00001,,,,Level 1,Level 2,Level 3,Level 4,,,,EMP00008,,EMP00005,EMP00001,,Leave of Absence
EMP00316,Hazel Robinson,EMP00289,EMP00013,EMP00002,EMP00001,,,,Level 1,Level 2,Level 3,Level 4,,,,EMP00013,EMP00002,EMP00002,EMP00001,,Contractor
EMP00317,Miles Campbell,EMP00008,EMP00005,EMP00001,,,,,Level 1,Level 2,Level 3,,,,,EMP00008,,EMP00005,EMP00001,,Active
EMP00318,Ivy Collins,EMP00088,EMP00013,EMP00002,EMP00001,,,,Level 1,Level 2,Level 3,Level 4,,,,EMP00013,EMP00002,EMP00002,EMP00001,,Active
EMP00319,Ezra Robinson,EMP00246,EMP00009,EMP00003,EMP00001,,,,Level 1,Level 2,Level 3,Level 4,,,,EMP00009,,EMP00003,EMP00001,,Active
EMP00320,Miles Parker,EMP00185,EMP00009,EMP00003,EMP00001,,,,Level 1,Level 2,Level 3,Level 4,,,,EMP00009,,EMP00003,EMP00001,,Terminated
EMP00321,Amanda Perez,EMP00135,EMP00010,EMP00005,EMP00001,,,,Level 1,Level 2,Level 3,Level 4,,,,EMP00010,,EMP00005,EMP00001,,Active
EMP00322,Reid Mitchell,EMP00246,EMP00009,EMP00003,EMP00001,,,,Level 1,Level 2,Level 3,Level 4,,,,EMP00009,,EMP00003,EMP00001,,Active
EMP00323,Violet Martinez,EMP00271,EMP00011,EMP00001,,,,,Level 1,Level 2,Level 3,,,,,EMP00011,,EMP00001,EMP00001,,Terminated
EMP00324,Owen Hill,EMP00024,EMP00010,EMP00005,EMP00001,,,,Level 1,Level 2,Level 3,Level 4,,,,EMP00010,,EMP00005,EMP00001,,Terminated
EMP00325,Ben Robinson,EMP00047,EMP00014,EMP00003,EMP00001,,,,Level 1,Level 2,Level 3,Level 4,,,,EMP00014,,EMP00003,EMP00001,,Active
EMP00326,Brian Scott,EMP00271,EMP00011,EMP00001,,,,,Level 1,Level 2,Level 3,,,,,EMP00011,,EMP00001,EMP00001,,Leave of Absence
EMP00327,Stephanie Smith,EMP00047,EMP00014,EMP00003,EMP00001,,,,Level 1,Level 2,Level 3,Level 4,,,,EMP00014,,EMP00003,EMP00001,,Active
EMP00328,Aria Johnson,EMP00060,EMP00010,EMP00005,EMP00001,,,,Level 1,Level 2,Level 3,Level 4,,,,EMP00010,,EMP00005,EMP00001,,Active
EMP00329,Cole Lee,EMP00215,EMP00009,EMP00003,EMP00001,,,,Level 1,Level 2,Level 3,Level 4,,,,EMP00009,,EMP00003,EMP00001,,Active
EMP00330,Kai Campbell,EMP00306,EMP00009,EMP00003,EMP00001,,,,Level 1,Level 2,Level 3,Level 4,,,,EMP00009,,EMP00003,EMP00001,,Active
EMP00331,Owen Baker,EMP00193,EMP00009,EMP00003,EMP00001,,,,Level 1,Level 2,Level 3,Level 4,,,,EMP00009,,EMP00003,EMP00001,,Active
EMP00332,Taylor Edwards,EMP00056,EMP00009,EMP00003,EMP00001,,,,Level 1,Level 2,Level 3,Level 4,,,,EMP00009,,EMP00003,EMP00001,,Active
EMP00333,Hannah Baker,EMP00134,EMP00013,EMP00002,EMP00001,,,,Level 1,Level 2,Level 3,Level 4,,,,EMP00013,EMP00002,EMP00002,EMP00001,,Active
EMP00334,Sam White,EMP00011,EMP00001,,,,,,Level 1,Level 2,,,,,,EMP00011,,EMP00001,EMP00001,,Active
EMP00335,Matt Smith,EMP00014,EMP00003,EMP00001,,,,,Level 1,Level 2,Level 3,,,,,EMP00014,,EMP00003,EMP00001,,Active
EMP00336,Ezra Rogers,EMP00185,EMP00009,EMP00003,EMP00001,,,,Level 1,Level 2,Level 3,Level 4,,,,EMP00009,,EMP00003,EMP00001,,Active
EMP00337,Aria Rodriguez,EMP00250,EMP00013,EMP00002,EMP00001,,,,Level 1,Level 2,Level 3,Level 4,,,,EMP00013,EMP00002,EMP00002,EMP00001,,Active
EMP00338,Jake Williams,EMP00060,EMP00010,EMP00005,EMP00001,,,,Level 1,Level 2,Level 3,Level 4,,,,EMP00010,,EMP00005,EMP00001,,Active
EMP00339,Finn Evans,EMP00008,EMP00005,EMP00001,,,,,Level 1,Level 2,Level 3,,,,,EMP00008,,EMP00005,EMP00001,,Active
EMP00340,Peyton Lopez,EMP00257,EMP00012,EMP00005,EMP00001,,,,Level 1,Level 2,Level 3,Level 4,,,,EMP00012,,EMP00005,EMP00001,,Active
EMP00341,Ben Scott,EMP00013,EMP00002,EMP00001,,,,,Level 1,Level 2,Level 3,,,,,EMP00013,EMP00002,EMP00002,EMP00001,,Active
EMP00342,Leo Mitchell,EMP00010,EMP00005,EMP00001,,,,,Level 1,Level 2,Level 3,,,,,EMP00010,,EMP00005,EMP00001,,Active
EMP00343,Ethan Gonzalez,EMP00251,EMP00009,EMP00003,EMP00001,,,,Level 1,Level 2,Level 3,Level 4,,,,EMP00009,,EMP00003,EMP00001,,Active
EMP00344,Matt Evans,EMP00011,EMP00001,,,,,,Level 1,Level 2,,,,,,EMP00011,,EMP00001,EMP00001,,Active
EMP00345,Stephanie Martin,EMP00012,EMP00005,EMP00001,,,,,Level 1,Level 2,Level 3,,,,,EMP00012,,EMP00005,EMP00001,,Active
EMP00346,Zoe Lewis,EMP00344,EMP00011,EMP00001,,,,,Level 1,Level 2,Level 3,,,,,EMP00011,,EMP00001,EMP00001,,Active
EMP00347,Jade Mitchell,EMP00251,EMP00009,EMP00003,EMP00001,,,,Level 1,Level 2,Level 3,Level 4,,,,EMP00009,,EMP00003,EMP00001,,Active
EMP00348,Dylan Collins,EMP00171,EMP00008,EMP00005,EMP00001,,,,Level 1,Level 2,Level 3,Level 4,,,,EMP00008,,EMP00005,EMP00001,,Part Time
EMP00349,Peyton Garcia,EMP00271,EMP00011,EMP00001,,,,,Level 1,Level 2,Level 3,,,,,EMP00011,,EMP00001,EMP00001,,Active
EMP00350,Bryn Harris,EMP00257,EMP00012,EMP00005,EMP00001,,,,Level 1,Level 2,Level 3,Level 4,,,,EMP00012,,EMP00005,EMP00001,,Active
EMP00351,Hannah Brown,EMP00012,EMP00005,EMP00001,,,,,Level 1,Level 2,Level 3,,,,,EMP00012,,EMP00005,EMP00001,,Active
EMP00352,June Lee,EMP00261,EMP00013,EMP00002,EMP00001,,,,Level 1,Level 2,Level 3,Level 4,,,,EMP00013,EMP00002,EMP00002,EMP00001,,Active
EMP00353,Wren Gonzalez,EMP00010,EMP00005,EMP00001,,,,,Level 1,Level 2,Level 3,,,,,EMP00010,,EMP00005,EMP00001,,Active
EMP00354,Nora Thomas,EMP00282,EMP00013,EMP00002,EMP00001,,,,Level 1,Level 2,Level 3,Level 4,,,,EMP00013,EMP00002,EMP00002,EMP00001,,Part Time
EMP00355,Riley Phillips,EMP00011,EMP00001,,,,,,Level 1,Level 2,,,,,,EMP00011,,EMP00001,EMP00001,,Terminated
EMP00356,Violet Rivera,EMP00112,EMP00012,EMP00005,EMP00001,,,,Level 1,Level 2,Level 3,Level 4,,,,EMP00012,,EMP00005,EMP00001,,Terminated
EMP00357,Cole Wright,EMP00047,EMP00014,EMP00003,EMP00001,,,,Level 1,Level 2,Level 3,Level 4,,,,EMP00014,,EMP00003,EMP00001,,Active
EMP00358,Jake Scott,EMP00193,EMP00009,EMP00003,EMP00001,,,,Level 1,Level 2,Level 3,Level 4,,,,EMP00009,,EMP00003,EMP00001,,Active
EMP00359,Nate Rivera,EMP00208,EMP00013,EMP00002,EMP00001,,,,Level 1,Level 2,Level 3,Level 4,,,,EMP00013,EMP00002,EMP00002,EMP00001,,Terminated
EMP00360,Luna Green,EMP00056,EMP00009,EMP00003,EMP00001,,,,Level 1,Level 2,Level 3,Level 4,,,,EMP00009,,EMP00003,EMP00001,,Active
EMP00361,Ryan Thomas,EMP00250,EMP00013,EMP00002,EMP00001,,,,Level 1,Level 2,Level 3,Level 4,,,,EMP00013,EMP00002,EMP00002,EMP00001,,Active
EMP00362,Liam Rivera,EMP00011,EMP00001,,,,,,Level 1,Level 2,,,,,,EMP00011,,EMP00001,EMP00001,,Active
EMP00363,Chloe Hernandez,EMP00012,EMP00005,EMP00001,,,,,Level 1,Level 2,Level 3,,,,,EMP00012,,EMP00005,EMP00001,,Active
EMP00364,Brian Green,EMP00047,EMP00014,EMP00003,EMP00001,,,,Level 1,Level 2,Level 3,Level 4,,,,EMP00014,,EMP00003,EMP00001,,Active
EMP00365,Leo Rodriguez,EMP00215,EMP00009,EMP00003,EMP00001,,,,Level 1,Level 2,Level 3,Level 4,,,,EMP00009,,EMP00003,EMP00001,,Active
EMP00366,Lily Green,EMP00013,EMP00002,EMP00001,,,,,Level 1,Level 2,Level 3,,,,,EMP00013,EMP00002,EMP00002,EMP00001,,Active
EMP00367,Chris Garcia,EMP00010,EMP00005,EMP00001,,,,,Level 1,Level 2,Level 3,,,,,EMP00010,,EMP00005,EMP00001,,Active
EMP00368,Lauren Lee,EMP00047,EMP00014,EMP00003,EMP00001,,,,Level 1,Level 2,Level 3,Level 4,,,,EMP00014,,EMP00003,EMP00001,,Active
EMP00369,Kai Thompson,EMP00013,EMP00002,EMP00001,,,,,Level 1,Level 2,Level 3,,,,,EMP00013,EMP00002,EMP00002,EMP00001,,Active
EMP00370,Luna Rogers,EMP00345,EMP00012,EMP00005,EMP00001,,,,Level 1,Level 2,Level 3,Level 4,,,,EMP00012,,EMP00005,EMP00001,,Leave of Absence
EMP00371,Ezra Baker,EMP00362,EMP00011,EMP00001,,,,,Level 1,Level 2,Level 3,,,,,EMP00011,,EMP00001,EMP00001,,Terminated
EMP00372,Nora Taylor,EMP00055,EMP00012,EMP00005,EMP00001,,,,Level 1,Level 2,Level 3,Level 4,,,,EMP00012,,EMP00005,EMP00001,,Active
EMP00373,Lily Carter,EMP00135,EMP00010,EMP00005,EMP00001,,,,Level 1,Level 2,Level 3,Level 4,,,,EMP00010,,EMP00005,EMP00001,,Active
EMP00374,Riley Allen,EMP00246,EMP00009,EMP00003,EMP00001,,,,Level 1,Level 2,Level 3,Level 4,,,,EMP00009,,EMP00003,EMP00001,,Active
EMP00375,Blake Brown,EMP00246,EMP00009,EMP00003,EMP00001,,,,Level 1,Level 2,Level 3,Level 4,,,,EMP00009,,EMP00003,EMP00001,,Active
EMP00376,Andrew Edwards,EMP00009,EMP00003,EMP00001,,,,,Level 1,Level 2,Level 3,,,,,EMP00009,,EMP00003,EMP00001,,Active
EMP00377,Stella Wright,EMP00246,EMP00009,EMP00003,EMP00001,,,,Level 1,Level 2,Level 3,Level 4,,,,EMP00009,,EMP00003,EMP00001,,Active
EMP00378,Chris Rodriguez,EMP00008,EMP00005,EMP00001,,,,,Level 1,Level 2,Level 3,,,,,EMP00008,,EMP00005,EMP00001,,Active
EMP00379,Morgan Davis,EMP00245,EMP00011,EMP00001,,,,,Level 1,Level 2,Level 3,,,,,EMP00011,,EMP00001,EMP00001,,Active
EMP00380,Violet Campbell,EMP00251,EMP00009,EMP00003,EMP00001,,,,Level 1,Level 2,Level 3,Level 4,,,,EMP00009,,EMP00003,EMP00001,,Active
EMP00381,Bryn Lee,EMP00334,EMP00011,EMP00001,,,,,Level 1,Level 2,Level 3,,,,,EMP00011,,EMP00001,EMP00001,,Contractor
EMP00382,Kai Anderson,EMP00362,EMP00011,EMP00001,,,,,Level 1,Level 2,Level 3,,,,,EMP00011,,EMP00001,EMP00001,,Active
EMP00383,Chris Lopez,EMP00112,EMP00012,EMP00005,EMP00001,,,,Level 1,Level 2,Level 3,Level 4,,,,EMP00012,,EMP00005,EMP00001,,Active
EMP00384,Mia Ramirez,EMP00008,EMP00005,EMP00001,,,,,Level 1,Level 2,Level 3,,,,,EMP00008,,EMP00005,EMP00001,,Active
EMP00385,Ezra Morris,EMP00341,EMP00013,EMP00002,EMP00001,,,,Level 1,Level 2,Level 3,Level 4,,,,EMP00013,EMP00002,EMP00002,EMP00001,,Active
EMP00386,Stephanie Nelson,EMP00367,EMP00010,EMP00005,EMP00001,,,,Level 1,Level 2,Level 3,Level 4,,,,EMP00010,,EMP00005,EMP00001,,Active
EMP00387,Ethan Baker,EMP00208,EMP00013,EMP00002,EMP00001,,,,Level 1,Level 2,Level 3,Level 4,,,,EMP00013,EMP00002,EMP00002,EMP00001,,Terminated
EMP00388,Mia Lee,EMP00011,EMP00001,,,,,,Level 1,Level 2,,,,,,EMP00011,,EMP00001,EMP00001,,Leave of Absence
EMP00389,Dylan Smith,EMP00271,EMP00011,EMP00001,,,,,Level 1,Level 2,Level 3,,,,,EMP00011,,EMP00001,EMP00001,,Active
EMP00390,Chris King,EMP00009,EMP00003,EMP00001,,,,,Level 1,Level 2,Level 3,,,,,EMP00009,,EMP00003,EMP00001,,Terminated
EMP00391,Hannah Baker,EMP00012,EMP00005,EMP00001,,,,,Level 1,Level 2,Level 3,,,,,EMP00012,,EMP00005,EMP00001,,Active
EMP00392,Wren Campbell,EMP00047,EMP00014,EMP00003,EMP00001,,,,Level 1,Level 2,Level 3,Level 4,,,,EMP00014,,EMP00003,EMP00001,,Active
EMP00393,Chloe Mitchell,EMP00215,EMP00009,EMP00003,EMP00001,,,,Level 1,Level 2,Level 3,Level 4,,,,EMP00009,,EMP00003,EMP00001,,Part Time
EMP00394,Aria Murphy,EMP00055,EMP00012,EMP00005,EMP00001,,,,Level 1,Level 2,Level 3,Level 4,,,,EMP00012,,EMP00005,EMP00001,,Contractor
EMP00395,Wren Martinez,EMP00009,EMP00003,EMP00001,,,,,Level 1,Level 2,Level 3,,,,,EMP00009,,EMP00003,EMP00001,,Active
EMP00396,Ashley Scott,EMP00245,EMP00011,EMP00001,,,,,Level 1,Level 2,Level 3,,,,,EMP00011,,EMP00001,EMP00001,,Terminated
EMP00397,Ella Garcia,EMP00162,EMP00011,EMP00001,,,,,Level 1,Level 2,Level 3,,,,,EMP00011,,EMP00001,EMP00001,,Active
EMP00398,Kevin Adams,EMP00344,EMP00011,EMP00001,,,,,Level 1,Level 2,Level 3,,,,,EMP00011,,EMP00001,EMP00001,,Terminated
EMP00399,Nora Hill,EMP00208,EMP00013,EMP00002,EMP00001,,,,Level 1,Level 2,Level 3,Level 4,,,,EMP00013,EMP00002,EMP00002,EMP00001,,Active
EMP00400,Matt Lopez,EMP00157,EMP00009,EMP00003,EMP00001,,,,Level 1,Level 2,Level 3,Level 4,,,,EMP00009,,EMP00003,EMP00001,,Active
EMP00401,Noah Stewart,EMP00193,EMP00009,EMP00003,EMP00001,,,,Level 1,Level 2,Level 3,Level 4,,,,EMP00009,,EMP00003,EMP00001,,Contractor
EMP00402,Samantha Rogers,EMP00289,EMP00013,EMP00002,EMP00001,,,,Level 1,Level 2,Level 3,Level 4,,,,EMP00013,EMP00002,EMP00002,EMP00001,,Active
EMP00403,Riley Smith,EMP00250,EMP00013,EMP00002,EMP00001,,,,Level 1,Level 2,Level 3,Level 4,,,,EMP00013,EMP00002,EMP00002,EMP00001,,Active
EMP00404,Ryan Campbell,EMP00012,EMP00005,EMP00001,,,,,Level 1,Level 2,Level 3,,,,,EMP00012,,EMP00005,EMP00001,,Active
EMP00405,Sam Thomas,EMP00024,EMP00010,EMP00005,EMP00001,,,,Level 1,Level 2,Level 3,Level 4,,,,EMP00010,,EMP00005,EMP00001,,Active
EMP00406,Reid Garcia,EMP00384,EMP00008,EMP00005,EMP00001,,,,Level 1,Level 2,Level 3,Level 4,,,,EMP00008,,EMP00005,EMP00001,,Active
EMP00407,Jason Campbell,EMP00341,EMP00013,EMP00002,EMP00001,,,,Level 1,Level 2,Level 3,Level 4,,,,EMP00013,EMP00002,EMP00002,EMP00001,,Active
EMP00408,Megan Stewart,EMP00013,EMP00002,EMP00001,,,,,Level 1,Level 2,Level 3,,,,,EMP00013,EMP00002,EMP00002,EMP00001,,Active
EMP00409,Wren Phillips,EMP00215,EMP00009,EMP00003,EMP00001,,,,Level 1,Level 2,Level 3,Level 4,,,,EMP00009,,EMP00003,EMP00001,,Active
EMP00410,Ethan King,EMP00271,EMP00011,EMP00001,,,,,Level 1,Level 2,Level 3,,,,,EMP00011,,EMP00001,EMP00001,,Active
EMP00411,Kayla Gonzalez,EMP00378,EMP00008,EMP00005,EMP00001,,,,Level 1,Level 2,Level 3,Level 4,,,,EMP00008,,EMP00005,EMP00001,,Active
EMP00412,Sarah Evans,EMP00011,EMP00001,,,,,,Level 1,Level 2,,,,,,EMP00011,,EMP00001,EMP00001,,Terminated
EMP00413,Quinn Scott,EMP00408,EMP00013,EMP00002,EMP00001,,,,Level 1,Level 2,Level 3,Level 4,,,,EMP00013,EMP00002,EMP00002,EMP00001,,Active
EMP00414,Ezra King,EMP00010,EMP00005,EMP00001,,,,,Level 1,Level 2,Level 3,,,,,EMP00010,,EMP00005,EMP00001,,Active
EMP00415,Amanda Collins,EMP00008,EMP00005,EMP00001,,,,,Level 1,Level 2,Level 3,,,,,EMP00008,,EMP00005,EMP00001,,Active
EMP00416,Wren Hill,EMP00013,EMP00002,EMP00001,,,,,Level 1,Level 2,Level 3,,,,,EMP00013,EMP00002,EMP00002,EMP00001,,Active
EMP00417,Skyler Martin,EMP00416,EMP00013,EMP00002,EMP00001,,,,Level 1,Level 2,Level 3,Level 4,,,,EMP00013,EMP00002,EMP00002,EMP00001,,Active
EMP00418,Brian Sanchez,EMP00023,EMP00014,EMP00003,EMP00001,,,,Level 1,Level 2,Level 3,Level 4,,,,EMP00014,,EMP00003,EMP00001,,Active
EMP00419,Hannah Phillips,EMP00056,EMP00009,EMP00003,EMP00001,,,,Level 1,Level 2,Level 3,Level 4,,,,EMP00009,,EMP00003,EMP00001,,Active
EMP00420,Ezra Thomas,EMP00414,EMP00010,EMP00005,EMP00001,,,,Level 1,Level 2,Level 3,Level 4,,,,EMP00010,,EMP00005,EMP00001,,Terminated
EMP00421,Reid Jackson,EMP00257,EMP00012,EMP00005,EMP00001,,,,Level 1,Level 2,Level 3,Level 4,,,,EMP00012,,EMP00005,EMP00001,,Contractor
EMP00422,Aria White,EMP00135,EMP00010,EMP00005,EMP00001,,,,Level 1,Level 2,Level 3,Level 4,,,,EMP00010,,EMP00005,EMP00001,,Active
EMP00423,Aria Ramirez,EMP00366,EMP00013,EMP00002,EMP00001,,,,Level 1,Level 2,Level 3,Level 4,,,,EMP00013,EMP00002,EMP00002,EMP00001,,Active
EMP00424,Aurora Robinson,EMP00009,EMP00003,EMP00001,,,,,Level 1,Level 2,Level 3,,,,,EMP00009,,EMP00003,EMP00001,,Active
EMP00425,Samantha Miller,EMP00134,EMP00013,EMP00002,EMP00001,,,,Level 1,Level 2,Level 3,Level 4,,,,EMP00013,EMP00002,EMP00002,EMP00001,,Active
EMP00426,Ash Parker,EMP00362,EMP00011,EMP00001,,,,,Level 1,Level 2,Level 3,,,,,EMP00011,,EMP00001,EMP00001,,Active
EMP00427,Brian Lewis,EMP00378,EMP00008,EMP00005,EMP00001,,,,Level 1,Level 2,Level 3,Level 4,,,,EMP00008,,EMP00005,EMP00001,,Active
EMP00428,Peyton Johnson,EMP00088,EMP00013,EMP00002,EMP00001,,,,Level 1,Level 2,Level 3,Level 4,,,,EMP00013,EMP00002,EMP00002,EMP00001,,Contractor
EMP00429,Lauren Miller,EMP00013,EMP00002,EMP00001,,,,,Level 1,Level 2,Level 3,,,,,EMP00013,EMP00002,EMP00002,EMP00001,,Terminated
EMP00430,Wren Smith,EMP00024,EMP00010,EMP00005,EMP00001,,,,Level 1,Level 2,Level 3,Level 4,,,,EMP00010,,EMP00005,EMP00001,,Active
EMP00431,Ryan Green,EMP00047,EMP00014,EMP00003,EMP00001,,,,Level 1,Level 2,Level 3,Level 4,,,,EMP00014,,EMP00003,EMP00001,,Active
EMP00432,Ben Nelson,EMP00112,EMP00012,EMP00005,EMP00001,,,,Level 1,Level 2,Level 3,Level 4,,,,EMP00012,,EMP00005,EMP00001,,Active
EMP00433,Riley Thomas,EMP00208,EMP00013,EMP00002,EMP00001,,,,Level 1,Level 2,Level 3,Level 4,,,,EMP00013,EMP00002,EMP00002,EMP00001,,Part Time
EMP00434,Lauren Taylor,EMP00363,EMP00012,EMP00005,EMP00001,,,,Level 1,Level 2,Level 3,Level 4,,,,EMP00012,,EMP00005,EMP00001,,Active
EMP00435,Cole Robinson,EMP00384,EMP00008,EMP00005,EMP00001,,,,Level 1,Level 2,Level 3,Level 4,,,,EMP00008,,EMP00005,EMP00001,,Active
EMP00436,Sarah Carter,EMP00088,EMP00013,EMP00002,EMP00001,,,,Level 1,Level 2,Level 3,Level 4,,,,EMP00013,EMP00002,EMP00002,EMP00001,,Active
EMP00437,Kai Brown,EMP00012,EMP00005,EMP00001,,,,,Level 1,Level 2,Level 3,,,,,EMP00012,,EMP00005,EMP00001,,Active
EMP00438,David Collins,EMP00157,EMP00009,EMP00003,EMP00001,,,,Level 1,Level 2,Level 3,Level 4,,,,EMP00009,,EMP00003,EMP00001,,Active
EMP00439,Andrew Smith,EMP00011,EMP00001,,,,,,Level 1,Level 2,,,,,,EMP00011,,EMP00001,EMP00001,,Active
EMP00440,Reid Edwards,EMP00429,EMP00013,EMP00002,EMP00001,,,,Level 1,Level 2,Level 3,Level 4,,,,EMP00013,EMP00002,EMP00002,EMP00001,,Contractor
EMP00441,Drew Rogers,EMP00334,EMP00011,EMP00001,,,,,Level 1,Level 2,Level 3,,,,,EMP00011,,EMP00001,EMP00001,,Active
EMP00442,Violet Jackson,EMP00414,EMP00010,EMP00005,EMP00001,,,,Level 1,Level 2,Level 3,Level 4,,,,EMP00010,,EMP00005,EMP00001,,Active
EMP00443,Mia Thomas,EMP00157,EMP00009,EMP00003,EMP00001,,,,Level 1,Level 2,Level 3,Level 4,,,,EMP00009,,EMP00003,EMP00001,,Active
EMP00444,Emily Lopez,EMP00362,EMP00011,EMP00001,,,,,Level 1,Level 2,Level 3,,,,,EMP00011,,EMP00001,EMP00001,,Active
EMP00445,Megan Moore,EMP00014,EMP00003,EMP00001,,,,,Level 1,Level 2,Level 3,,,,,EMP00014,,EMP00003,EMP00001,,Active
EMP00446,Rowan Wright,EMP00193,EMP00009,EMP00003,EMP00001,,,,Level 1,Level 2,Level 3,Level 4,,,,EMP00009,,EMP00003,EMP00001,,Active
EMP00447,Jordan Murphy,EMP00445,EMP00014,EMP00003,EMP00001,,,,Level 1,Level 2,Level 3,Level 4,,,,EMP00014,,EMP00003,EMP00001,,Active
EMP00448,Ashley Harris,EMP00355,EMP00011,EMP00001,,,,,Level 1,Level 2,Level 3,,,,,EMP00011,,EMP00001,EMP00001,,Active
EMP00449,Ethan Baker,EMP00134,EMP00013,EMP00002,EMP00001,,,,Level 1,Level 2,Level 3,Level 4,,,,EMP00013,EMP00002,EMP00002,EMP00001,,Active
EMP00450,Lauren Morris,EMP00414,EMP00010,EMP00005,EMP00001,,,,Level 1,Level 2,Level 3,Level 4,,,,EMP00010,,EMP00005,EMP00001,,Terminated
EMP00451,Cole Smith,EMP00215,EMP00009,EMP00003,EMP00001,,,,Level 1,Level 2,Level 3,Level 4,,,,EMP00009,,EMP00003,EMP00001,,Active
EMP00452,Blake Stewart,EMP00245,EMP00011,EMP00001,,,,,Level 1,Level 2,Level 3,,,,,EMP00011,,EMP00001,EMP00001,,Active
EMP00453,Mia Johnson,EMP00366,EMP00013,EMP00002,EMP00001,,,,Level 1,Level 2,Level 3,Level 4,,,,EMP00013,EMP00002,EMP00002,EMP00001,,Contractor
EMP00454,Leo Parker,EMP00344,EMP00011,EMP00001,,,,,Level 1,Level 2,Level 3,,,,,EMP00011,,EMP00001,EMP00001,,Active
EMP00455,Taylor Green,EMP00257,EMP00012,EMP00005,EMP00001,,,,Level 1,Level 2,Level 3,Level 4,,,,EMP00012,,EMP00005,EMP00001,,Active
EMP00456,Samantha Green,EMP00344,EMP00011,EMP00001,,,,,Level 1,Level 2,Level 3,,,,,EMP00011,,EMP00001,EMP00001,,Active
EMP00457,Violet Edwards,EMP00250,EMP00013,EMP00002,EMP00001,,,,Level 1,Level 2,Level 3,Level 4,,,,EMP00013,EMP00002,EMP00002,EMP00001,,Active
EMP00458,Ella Cook,EMP00024,EMP00010,EMP00005,EMP00001,,,,Level 1,Level 2,Level 3,Level 4,,,,EMP00010,,EMP00005,EMP00001,,Terminated
EMP00459,Noah Nelson,EMP00013,EMP00002,EMP00001,,,,,Level 1,Level 2,Level 3,,,,,EMP00013,EMP00002,EMP00002,EMP00001,,Active
EMP00460,Quinn Hill,EMP00429,EMP00013,EMP00002,EMP00001,,,,Level 1,Level 2,Level 3,Level 4,,,,EMP00013,EMP00002,EMP00002,EMP00001,,Active
EMP00461,Emma Morris,EMP00306,EMP00009,EMP00003,EMP00001,,,,Level 1,Level 2,Level 3,Level 4,,,,EMP00009,,EMP00003,EMP00001,,Active
EMP00462,Quinn Collins,EMP00404,EMP00012,EMP00005,EMP00001,,,,Level 1,Level 2,Level 3,Level 4,,,,EMP00012,,EMP00005,EMP00001,,Active
EMP00463,Liam Sanchez,EMP00204,EMP00008,EMP00005,EMP00001,,,,Level 1,Level 2,Level 3,Level 4,,,,EMP00008,,EMP00005,EMP00001,,Active
EMP00464,Ivy Jackson,EMP00014,EMP00003,EMP00001,,,,,Level 1,Level 2,Level 3,,,,,EMP00014,,EMP00003,EMP00001,,Active
EMP00465,Ashley Allen,EMP00023,EMP00014,EMP00003,EMP00001,,,,Level 1,Level 2,Level 3,Level 4,,,,EMP00014,,EMP00003,EMP00001,,Active
EMP00466,Olivia Baker,EMP00251,EMP00009,EMP00003,EMP00001,,,,Level 1,Level 2,Level 3,Level 4,,,,EMP00009,,EMP00003,EMP00001,,Active
EMP00467,Stella Martin,EMP00012,EMP00005,EMP00001,,,,,Level 1,Level 2,Level 3,,,,,EMP00012,,EMP00005,EMP00001,,Active
EMP00468,Rachel Murphy,EMP00134,EMP00013,EMP00002,EMP00001,,,,Level 1,Level 2,Level 3,Level 4,,,,EMP00013,EMP00002,EMP00002,EMP00001,,Active
EMP00469,June Hernandez,EMP00445,EMP00014,EMP00003,EMP00001,,,,Level 1,Level 2,Level 3,Level 4,,,,EMP00014,,EMP00003,EMP00001,,Active
EMP00470,Matt Martin,EMP00404,EMP00012,EMP00005,EMP00001,,,,Level 1,Level 2,Level 3,Level 4,,,,EMP00012,,EMP00005,EMP00001,,Active
EMP00471,Reid Wilson,EMP00152,EMP00008,EMP00005,EMP00001,,,,Level 1,Level 2,Level 3,Level 4,,,,EMP00008,,EMP00005,EMP00001,,Active
EMP00472,James Perez,EMP00282,EMP00013,EMP00002,EMP00001,,,,Level 1,Level 2,Level 3,Level 4,,,,EMP00013,EMP00002,EMP00002,EMP00001,,Active
EMP00473,David King,EMP00367,EMP00010,EMP00005,EMP00001,,,,Level 1,Level 2,Level 3,Level 4,,,,EMP00010,,EMP00005,EMP00001,,Active
EMP00474,Matt Harris,EMP00185,EMP00009,EMP00003,EMP00001,,,,Level 1,Level 2,Level 3,Level 4,,,,EMP00009,,EMP00003,EMP00001,,Active
EMP00475,Aria Clark,EMP00162,EMP00011,EMP00001,,,,,Level 1,Level 2,Level 3,,,,,EMP00011,,EMP00001,EMP00001,,Active
EMP00476,Aria Mitchell,EMP00353,EMP00010,EMP00005,EMP00001,,,,Level 1,Level 2,Level 3,Level 4,,,,EMP00010,,EMP00005,EMP00001,,Active
EMP00477,Ethan Morris,EMP00363,EMP00012,EMP00005,EMP00001,,,,Level 1,Level 2,Level 3,Level 4,,,,EMP00012,,EMP00005,EMP00001,,Contractor
EMP00478,Alex Campbell,EMP00445,EMP00014,EMP00003,EMP00001,,,,Level 1,Level 2,Level 3,Level 4,,,,EMP00014,,EMP00003,EMP00001,,Active
EMP00479,Nora Thompson,EMP00112,EMP00012,EMP00005,EMP00001,,,,Level 1,Level 2,Level 3,Level 4,,,,EMP00012,,EMP00005,EMP00001,,Terminated
EMP00480,Reid Collins,EMP00408,EMP00013,EMP00002,EMP00001,,,,Level 1,Level 2,Level 3,Level 4,,,,EMP00013,EMP00002,EMP00002,EMP00001,,Active
EMP00481,Casey Hernandez,EMP00467,EMP00012,EMP00005,EMP00001,,,,Level 1,Level 2,Level 3,Level 4,,,,EMP00012,,EMP00005,EMP00001,,Active
EMP00482,Morgan Rodriguez,EMP00009,EMP00003,EMP00001,,,,,Level 1,Level 2,Level 3,,,,,EMP00009,,EMP00003,EMP00001,,Active
EMP00483,Olivia Evans,EMP00088,EMP00013,EMP00002,EMP00001,,,,Level 1,Level 2,Level 3,Level 4,,,,EMP00013,EMP00002,EMP00002,EMP00001,,Active
EMP00484,Kevin Morgan,EMP00009,EMP00003,EMP00001,,,,,Level 1,Level 2,Level 3,,,,,EMP00009,,EMP00003,EMP00001,,Active
EMP00485,Will Davis,EMP00014,EMP00003,EMP00001,,,,,Level 1,Level 2,Level 3,,,,,EMP00014,,EMP00003,EMP00001,,Active
EMP00486,Rachel Taylor,EMP00134,EMP00013,EMP00002,EMP00001,,,,Level 1,Level 2,Level 3,Level 4,,,,EMP00013,EMP00002,EMP00002,EMP00001,,Active
EMP00487,Drew Davis,EMP00345,EMP00012,EMP00005,EMP00001,,,,Level 1,Level 2,Level 3,Level 4,,,,EMP00012,,EMP00005,EMP00001,,Active
EMP00488,Ethan Lewis,EMP00484,EMP00009,EMP00003,EMP00001,,,,Level 1,Level 2,Level 3,Level 4,,,,EMP00009,,EMP00003,EMP00001,,Active
EMP00489,Reid Murphy,EMP00271,EMP00011,EMP00001,,,,,Level 1,Level 2,Level 3,,,,,EMP00011,,EMP00001,EMP00001,,Active
EMP00490,Will Nguyen,EMP00250,EMP00013,EMP00002,EMP00001,,,,Level 1,Level 2,Level 3,Level 4,,,,EMP00013,EMP00002,EMP00002,EMP00001,,Active
EMP00491,Dylan Baker,EMP00301,EMP00008,EMP00005,EMP00001,,,,Level 1,Level 2,Level 3,Level 4,,,,EMP00008,,EMP00005,EMP00001,,Active
EMP00492,Noah Nelson,EMP00376,EMP00009,EMP00003,EMP00001,,,,Level 1,Level 2,Level 3,Level 4,,,,EMP00009,,EMP00003,EMP00001,,Active
EMP00493,Andrew Gonzalez,EMP00157,EMP00009,EMP00003,EMP00001,,,,Level 1,Level 2,Level 3,Level 4,,,,EMP00009,,EMP00003,EMP00001,,Terminated
EMP00494,Isla Rodriguez,EMP00009,EMP00003,EMP00001,,,,,Level 1,Level 2,Level 3,,,,,EMP00009,,EMP00003,EMP00001,,Active
EMP00495,June Campbell,EMP00414,EMP00010,EMP00005,EMP00001,,,,Level 1,Level 2,Level 3,Level 4,,,,EMP00010,,EMP00005,EMP00001,,Active
EMP00496,Riley Miller,EMP00012,EMP00005,EMP00001,,,,,Level 1,Level 2,Level 3,,,,,EMP00012,,EMP00005,EMP00001,,Active
EMP00497,Lauren Davis,EMP00344,EMP00011,EMP00001,,,,,Level 1,Level 2,Level 3,,,,,EMP00011,,EMP00001,EMP00001,,Active
EMP00498,Stephanie Cook,EMP00467,EMP00012,EMP00005,EMP00001,,,,Level 1,Level 2,Level 3,Level 4,,,,EMP00012,,EMP00005,EMP00001,,Active
EMP00499,Ivy Stewart,EMP00134,EMP00013,EMP00002,EMP00001,,,,Level 1,Level 2,Level 3,Level 4,,,,EMP00013,EMP00002,EMP00002,EMP00001,,Active
EMP00500,Kayla Harris,EMP00391,EMP00012,EMP00005,EMP00001,,,,Level 1,Level 2,Level 3,Level 4,,,,EMP00012,,EMP00005,EMP00001,,Active
EMP00501,Amanda Rogers,EMP00151,EMP00008,EMP00005,EMP00001,,,,Level 1,Level 2,Level 3,Level 4,,,,EMP00008,,EMP00005,EMP00001,,Active
EMP00502,Noah Phillips,EMP00157,EMP00009,EMP00003,EMP00001,,,,Level 1,Level 2,Level 3,Level 4,,,,EMP00009,,EMP00003,EMP00001,,Active
EMP00503,Leo Campbell,EMP00092,EMP00010,EMP00005,EMP00001,,,,Level 1,Level 2,Level 3,Level 4,,,,EMP00010,,EMP00005,EMP00001,,Active
EMP00504,Samantha Ramirez,EMP00023,EMP00014,EMP00003,EMP00001,,,,Level 1,Level 2,Level 3,Level 4,,,,EMP00014,,EMP00003,EMP00001,,Active
EMP00505,Avery Collins,EMP00344,EMP00011,EMP00001,,,,,Level 1,Level 2,Level 3,,,,,EMP00011,,EMP00001,EMP00001,,Active
EMP00506,Casey Thomas,EMP00341,EMP00013,EMP00002,EMP00001,,,,Level 1,Level 2,Level 3,Level 4,,,,EMP00013,EMP00002,EMP00002,EMP00001,,Active
EMP00507,Chris Roberts,EMP00366,EMP00013,EMP00002,EMP00001,,,,Level 1,Level 2,Level 3,Level 4,,,,EMP00013,EMP00002,EMP00002,EMP00001,,Active
EMP00508,Nicole Collins,EMP00345,EMP00012,EMP00005,EMP00001,,,,Level 1,Level 2,Level 3,Level 4,,,,EMP00012,,EMP00005,EMP00001,,Active
EMP00509,David Collins,EMP00416,EMP00013,EMP00002,EMP00001,,,,Level 1,Level 2,Level 3,Level 4,,,,EMP00013,EMP00002,EMP00002,EMP00001,,Active
EMP00510,Andrew Turner,EMP00135,EMP00010,EMP00005,EMP00001,,,,Level 1,Level 2,Level 3,Level 4,,,,EMP00010,,EMP00005,EMP00001,,Contractor
EMP00511,Ethan Allen,EMP00415,EMP00008,EMP00005,EMP00001,,,,Level 1,Level 2,Level 3,Level 4,,,,EMP00008,,EMP00005,EMP00001,,Active
EMP00512,Emma Harris,EMP00353,EMP00010,EMP00005,EMP00001,,,,Level 1,Level 2,Level 3,Level 4,,,,EMP00010,,EMP00005,EMP00001,,Active
EMP00513,Luke Jones,EMP00282,EMP00013,EMP00002,EMP00001,,,,Level 1,Level 2,Level 3,Level 4,,,,EMP00013,EMP00002,EMP00002,EMP00001,,Active
EMP00514,Quinn Morgan,EMP00010,EMP00005,EMP00001,,,,,Level 1,Level 2,Level 3,,,,,EMP00010,,EMP00005,EMP00001,,Contractor
EMP00515,Olivia Sanchez,EMP00261,EMP00013,EMP00002,EMP00001,,,,Level 1,Level 2,Level 3,Level 4,,,,EMP00013,EMP00002,EMP00002,EMP00001,,Active
EMP00516,Ivy Walker,EMP00204,EMP00008,EMP00005,EMP00001,,,,Level 1,Level 2,Level 3,Level 4,,,,EMP00008,,EMP00005,EMP00001,,Active
EMP00517,Matt Young,EMP00014,EMP00003,EMP00001,,,,,Level 1,Level 2,Level 3,,,,,EMP00014,,EMP00003,EMP00001,,Active
EMP00518,Nicole Thompson,EMP00306,EMP00009,EMP00003,EMP00001,,,,Level 1,Level 2,Level 3,Level 4,,,,EMP00009,,EMP00003,EMP00001,,Terminated
EMP00519,Daniel Morgan,EMP00289,EMP00013,EMP00002,EMP00001,,,,Level 1,Level 2,Level 3,Level 4,,,,EMP00013,EMP00002,EMP00002,EMP00001,,Active
EMP00520,Violet Campbell,EMP00301,EMP00008,EMP00005,EMP00001,,,,Level 1,Level 2,Level 3,Level 4,,,,EMP00008,,EMP00005,EMP00001,,Active
EMP00521,Owen Rogers,EMP00014,EMP00003,EMP00001,,,,,Level 1,Level 2,Level 3,,,,,EMP00014,,EMP00003,EMP00001,,Active
EMP00522,Wren Stewart,EMP00193,EMP00009,EMP00003,EMP00001,,,,Level 1,Level 2,Level 3,Level 4,,,,EMP00009,,EMP00003,EMP00001,,Active
EMP00523,Stella Anderson,EMP00208,EMP00013,EMP00002,EMP00001,,,,Level 1,Level 2,Level 3,Level 4,,,,EMP00013,EMP00002,EMP00002,EMP00001,,Active
EMP00524,Bryn Harris,EMP00245,EMP00011,EMP00001,,,,,Level 1,Level 2,Level 3,,,,,EMP00011,,EMP00001,EMP00001,,Active
EMP00525,Ash Murphy,EMP00261,EMP00013,EMP00002,EMP00001,,,,Level 1,Level 2,Level 3,Level 4,,,,EMP00013,EMP00002,EMP00002,EMP00001,,Terminated
EMP00526,Cole Baker,EMP00185,EMP00009,EMP00003,EMP00001,,,,Level 1,Level 2,Level 3,Level 4,,,,EMP00009,,EMP00003,EMP00001,,Active
EMP00527,Wren Campbell,EMP00362,EMP00011,EMP00001,,,,,Level 1,Level 2,Level 3,,,,,EMP00011,,EMP00001,EMP00001,,Active
EMP00528,Ivy Gonzalez,EMP00408,EMP00013,EMP00002,EMP00001,,,,Level 1,Level 2,Level 3,Level 4,,,,EMP00013,EMP00002,EMP00002,EMP00001,,Active
EMP00529,Ash Edwards,EMP00404,EMP00012,EMP00005,EMP00001,,,,Level 1,Level 2,Level 3,Level 4,,,,EMP00012,,EMP00005,EMP00001,,Active
EMP00530,Aurora Hernandez,EMP00011,EMP00001,,,,,,Level 1,Level 2,,,,,,EMP00011,,EMP00001,EMP00001,,Active
EMP00531,Matt Evans,EMP00010,EMP00005,EMP00001,,,,,Level 1,Level 2,Level 3,,,,,EMP00010,,EMP00005,EMP00001,,Terminated
EMP00532,Drew Rivera,EMP00204,EMP00008,EMP00005,EMP00001,,,,Level 1,Level 2,Level 3,Level 4,,,,EMP00008,,EMP00005,EMP00001,,Active
EMP00533,Rowan Lee,EMP00008,EMP00005,EMP00001,,,,,Level 1,Level 2,Level 3,,,,,EMP00008,,EMP00005,EMP00001,,Terminated
EMP00534,Will Moore,EMP00306,EMP00009,EMP00003,EMP00001,,,,Level 1,Level 2,Level 3,Level 4,,,,EMP00009,,EMP00003,EMP00001,,Active
EMP00535,Jordan Rodriguez,EMP00193,EMP00009,EMP00003,EMP00001,,,,Level 1,Level 2,Level 3,Level 4,,,,EMP00009,,EMP00003,EMP00001,,Active
EMP00536,Hannah Perez,EMP00112,EMP00012,EMP00005,EMP00001,,,,Level 1,Level 2,Level 3,Level 4,,,,EMP00012,,EMP00005,EMP00001,,Active
EMP00537,Olivia Lee,EMP00251,EMP00009,EMP00003,EMP00001,,,,Level 1,Level 2,Level 3,Level 4,,,,EMP00009,,EMP00003,EMP00001,,Active
EMP00538,Zoe Gonzalez,EMP00152,EMP00008,EMP00005,EMP00001,,,,Level 1,Level 2,Level 3,Level 4,,,,EMP00008,,EMP00005,EMP00001,,Active
EMP00539,Kevin Jones,EMP00088,EMP00013,EMP00002,EMP00001,,,,Level 1,Level 2,Level 3,Level 4,,,,EMP00013,EMP00002,EMP00002,EMP00001,,Active
EMP00540,Hannah Davis,EMP00408,EMP00013,EMP00002,EMP00001,,,,Level 1,Level 2,Level 3,Level 4,,,,EMP00013,EMP00002,EMP00002,EMP00001,,Active
EMP00541,Emma Gonzalez,EMP00014,EMP00003,EMP00001,,,,,Level 1,Level 2,Level 3,,,,,EMP00014,,EMP00003,EMP00001,,Active
EMP00542,Reid Miller,EMP00245,EMP00011,EMP00001,,,,,Level 1,Level 2,Level 3,,,,,EMP00011,,EMP00001,EMP00001,,Active
EMP00543,David Lopez,EMP00024,EMP00010,EMP00005,EMP00001,,,,Level 1,Level 2,Level 3,Level 4,,,,EMP00010,,EMP00005,EMP00001,,Active
EMP00544,Hannah Rivera,EMP00008,EMP00005,EMP00001,,,,,Level 1,Level 2,Level 3,,,,,EMP00008,,EMP00005,EMP00001,,Active
EMP00545,Matt Evans,EMP00257,EMP00012,EMP00005,EMP00001,,,,Level 1,Level 2,Level 3,Level 4,,,,EMP00012,,EMP00005,EMP00001,,Active
EMP00546,Sam Mitchell,EMP00355,EMP00011,EMP00001,,,,,Level 1,Level 2,Level 3,,,,,EMP00011,,EMP00001,EMP00001,,Active
EMP00547,Olivia Rivera,EMP00376,EMP00009,EMP00003,EMP00001,,,,Level 1,Level 2,Level 3,Level 4,,,,EMP00009,,EMP00003,EMP00001,,Active
EMP00548,Ezra Torres,EMP00152,EMP00008,EMP00005,EMP00001,,,,Level 1,Level 2,Level 3,Level 4,,,,EMP00008,,EMP00005,EMP00001,,Active
EMP00549,Nicole Jackson,EMP00014,EMP00003,EMP00001,,,,,Level 1,Level 2,Level 3,,,,,EMP00014,,EMP00003,EMP00001,,Active
EMP00550,Sam Martinez,EMP00437,EMP00012,EMP00005,EMP00001,,,,Level 1,Level 2,Level 3,Level 4,,,,EMP00012,,EMP00005,EMP00001,,Terminated
EMP00551,Ella Collins,EMP00204,EMP00008,EMP00005,EMP00001,,,,Level 1,Level 2,Level 3,Level 4,,,,EMP00008,,EMP00005,EMP00001,,Active
EMP00552,Finn Morgan,EMP00429,EMP00013,EMP00002,EMP00001,,,,Level 1,Level 2,Level 3,Level 4,,,,EMP00013,EMP00002,EMP00002,EMP00001,,Active
EMP00553,Chris Adams,EMP00008,EMP00005,EMP00001,,,,,Level 1,Level 2,Level 3,,,,,EMP00008,,EMP00005,EMP00001,,Active
EMP00554,Emma Torres,EMP00151,EMP00008,EMP00005,EMP00001,,,,Level 1,Level 2,Level 3,Level 4,,,,EMP00008,,EMP00005,EMP00001,,Active
EMP00555,James Smith,EMP00011,EMP00001,,,,,,Level 1,Level 2,,,,,,EMP00011,,EMP00001,EMP00001,,Active
EMP00556,Skyler Mitchell,EMP00250,EMP00013,EMP00002,EMP00001,,,,Level 1,Level 2,Level 3,Level 4,,,,EMP00013,EMP00002,EMP00002,EMP00001,,Active
EMP00557,Olivia Sanchez,EMP00416,EMP00013,EMP00002,EMP00001,,,,Level 1,Level 2,Level 3,Level 4,,,,EMP00013,EMP00002,EMP00002,EMP00001,,Active
EMP00558,Hazel Rivera,EMP00521,EMP00014,EMP00003,EMP00001,,,,Level 1,Level 2,Level 3,Level 4,,,,EMP00014,,EMP00003,EMP00001,,Active
EMP00559,Olivia Edwards,EMP00185,EMP00009,EMP00003,EMP00001,,,,Level 1,Level 2,Level 3,Level 4,,,,EMP00009,,EMP00003,EMP00001,,Active
EMP00560,Taylor Nguyen,EMP00342,EMP00010,EMP00005,EMP00001,,,,Level 1,Level 2,Level 3,Level 4,,,,EMP00010,,EMP00005,EMP00001,,Active
EMP00561,Sarah Lewis,EMP00415,EMP00008,EMP00005,EMP00001,,,,Level 1,Level 2,Level 3,Level 4,,,,EMP00008,,EMP00005,EMP00001,,Active
EMP00562,Ryan Ramirez,EMP00208,EMP00013,EMP00002,EMP00001,,,,Level 1,Level 2,Level 3,Level 4,,,,EMP00013,EMP00002,EMP00002,EMP00001,,Active
EMP00563,Kevin Morris,EMP00404,EMP00012,EMP00005,EMP00001,,,,Level 1,Level 2,Level 3,Level 4,,,,EMP00012,,EMP00005,EMP00001,,Active
EMP00564,Avery Green,EMP00012,EMP00005,EMP00001,,,,,Level 1,Level 2,Level 3,,,,,EMP00012,,EMP00005,EMP00001,,Active
EMP00565,Emerson Brown,EMP00345,EMP00012,EMP00005,EMP00001,,,,Level 1,Level 2,Level 3,Level 4,,,,EMP00012,,EMP00005,EMP00001,,Active
EMP00566,Violet Jones,EMP00055,EMP00012,EMP00005,EMP00001,,,,Level 1,Level 2,Level 3,Level 4,,,,EMP00012,,EMP00005,EMP00001,,Terminated
EMP00567,Ivy Martin,EMP00014,EMP00003,EMP00001,,,,,Level 1,Level 2,Level 3,,,,,EMP00014,,EMP00003,EMP00001,,Active
EMP00568,Jade Rodriguez,EMP00008,EMP00005,EMP00001,,,,,Level 1,Level 2,Level 3,,,,,EMP00008,,EMP00005,EMP00001,,Terminated
EMP00569,Kayla Stewart,EMP00008,EMP00005,EMP00001,,,,,Level 1,Level 2,Level 3,,,,,EMP00008,,EMP00005,EMP00001,,Active
EMP00570,Jake Wright,EMP00362,EMP00011,EMP00001,,,,,Level 1,Level 2,Level 3,,,,,EMP00011,,EMP00001,EMP00001,,Active
EMP00571,Owen Turner,EMP00564,EMP00012,EMP00005,EMP00001,,,,Level 1,Level 2,Level 3,Level 4,,,,EMP00012,,EMP00005,EMP00001,,Active
EMP00572,Violet Morris,EMP00282,EMP00013,EMP00002,EMP00001,,,,Level 1,Level 2,Level 3,Level 4,,,,EMP00013,EMP00002,EMP00002,EMP00001,,Active
EMP00573,Noah Lopez,EMP00011,EMP00001,,,,,,Level 1,Level 2,,,,,,EMP00011,,EMP00001,EMP00001,,Terminated
EMP00574,Jade Harris,EMP00568,EMP00008,EMP00005,EMP00001,,,,Level 1,Level 2,Level 3,Level 4,,,,EMP00008,,EMP00005,EMP00001,,Active
EMP00575,Olivia Garcia,EMP00271,EMP00011,EMP00001,,,,,Level 1,Level 2,Level 3,,,,,EMP00011,,EMP00001,EMP00001,,Active
EMP00576,Kai Robinson,EMP00008,EMP00005,EMP00001,,,,,Level 1,Level 2,Level 3,,,,,EMP00008,,EMP00005,EMP00001,,Active
EMP00577,Hannah Evans,EMP00171,EMP00008,EMP00005,EMP00001,,,,Level 1,Level 2,Level 3,Level 4,,,,EMP00008,,EMP00005,EMP00001,,Active
EMP00578,Riley Scott,EMP00013,EMP00002,EMP00001,,,,,Level 1,Level 2,Level 3,,,,,EMP00013,EMP00002,EMP00002,EMP00001,,Active
EMP00579,Tyler Wilson,EMP00151,EMP00008,EMP00005,EMP00001,,,,Level 1,Level 2,Level 3,Level 4,,,,EMP00008,,EMP00005,EMP00001,,Active
EMP00580,Ryan White,EMP00341,EMP00013,EMP00002,EMP00001,,,,Level 1,Level 2,Level 3,Level 4,,,,EMP00013,EMP00002,EMP00002,EMP00001,,Active
EMP00581,Sarah Morgan,EMP00521,EMP00014,EMP00003,EMP00001,,,,Level 1,Level 2,Level 3,Level 4,,,,EMP00014,,EMP00003,EMP00001,,Active
EMP00582,Nate Campbell,EMP00567,EMP00014,EMP00003,EMP00001,,,,Level 1,Level 2,Level 3,Level 4,,,,EMP00014,,EMP00003,EMP00001,,Active
EMP00583,Owen Mitchell,EMP00012,EMP00005,EMP00001,,,,,Level 1,Level 2,Level 3,,,,,EMP00012,,EMP00005,EMP00001,,Active
EMP00584,Lauren Davis,EMP00408,EMP00013,EMP00002,EMP00001,,,,Level 1,Level 2,Level 3,Level 4,,,,EMP00013,EMP00002,EMP00002,EMP00001,,Active
EMP00585,Nora Roberts,EMP00088,EMP00013,EMP00002,EMP00001,,,,Level 1,Level 2,Level 3,Level 4,,,,EMP00013,EMP00002,EMP00002,EMP00001,,Part Time
EMP00586,Amanda Phillips,EMP00342,EMP00010,EMP00005,EMP00001,,,,Level 1,Level 2,Level 3,Level 4,,,,EMP00010,,EMP00005,EMP00001,,Active
EMP00587,Ella Harris,EMP00282,EMP00013,EMP00002,EMP00001,,,,Level 1,Level 2,Level 3,Level 4,,,,EMP00013,EMP00002,EMP00002,EMP00001,,Active
EMP00588,Kai Anderson,EMP00282,EMP00013,EMP00002,EMP00001,,,,Level 1,Level 2,Level 3,Level 4,,,,EMP00013,EMP00002,EMP00002,EMP00001,,Active
EMP00589,Cole Morris,EMP00134,EMP00013,EMP00002,EMP00001,,,,Level 1,Level 2,Level 3,Level 4,,,,EMP00013,EMP00002,EMP00002,EMP00001,,Active
EMP00590,Olivia Phillips,EMP00342,EMP00010,EMP00005,EMP00001,,,,Level 1,Level 2,Level 3,Level 4,,,,EMP00010,,EMP00005,EMP00001,,Active
EMP00591,David Morgan,EMP00578,EMP00013,EMP00002,EMP00001,,,,Level 1,Level 2,Level 3,Level 4,,,,EMP00013,EMP00002,EMP00002,EMP00001,,Active
EMP00592,Megan Baker,EMP00445,EMP00014,EMP00003,EMP00001,,,,Level 1,Level 2,Level 3,Level 4,,,,EMP00014,,EMP00003,EMP00001,,Active
EMP00593,Ivy King,EMP00445,EMP00014,EMP00003,EMP00001,,,,Level 1,Level 2,Level 3,Level 4,,,,EMP00014,,EMP00003,EMP00001,,Active
EMP00594,Ella Thomas,EMP00013,EMP00002,EMP00001,,,,,Level 1,Level 2,Level 3,,,,,EMP00013,EMP00002,EMP00002,EMP00001,,Active
EMP00595,Sam Allen,EMP00009,EMP00003,EMP00001,,,,,Level 1,Level 2,Level 3,,,,,EMP00009,,EMP00003,EMP00001,,Active
EMP00596,Aria Lewis,EMP00134,EMP00013,EMP00002,EMP00001,,,,Level 1,Level 2,Level 3,Level 4,,,,EMP00013,EMP00002,EMP00002,EMP00001,,Active
EMP00597,Wren Wilson,EMP00363,EMP00012,EMP00005,EMP00001,,,,Level 1,Level 2,Level 3,Level 4,,,,EMP00012,,EMP00005,EMP00001,,Active
EMP00598,Riley Hernandez,EMP00010,EMP00005,EMP00001,,,,,Level 1,Level 2,Level 3,,,,,EMP00010,,EMP00005,EMP00001,,Active
EMP00599,Finn Phillips,EMP00013,EMP00002,EMP00001,,,,,Level 1,Level 2,Level 3,,,,,EMP00013,EMP00002,EMP00002,EMP00001,,Active
EMP00600,Megan Miller,EMP00567,EMP00014,EMP00003,EMP00001,,,,Level 1,Level 2,Level 3,Level 4,,,,EMP00014,,EMP00003,EMP00001,,Active
EMP00601,Jason Torres,EMP00088,EMP00013,EMP00002,EMP00001,,,,Level 1,Level 2,Level 3,Level 4,,,,EMP00013,EMP00002,EMP00002,EMP00001,,Active
EMP00602,Michael Martinez,EMP00384,EMP00008,EMP00005,EMP00001,,,,Level 1,Level 2,Level 3,Level 4,,,,EMP00008,,EMP00005,EMP00001,,Active
EMP00603,Brian Parker,EMP00439,EMP00011,EMP00001,,,,,Level 1,Level 2,Level 3,,,,,EMP00011,,EMP00001,EMP00001,,Active
EMP00604,Ryan King,EMP00467,EMP00012,EMP00005,EMP00001,,,,Level 1,Level 2,Level 3,Level 4,,,,EMP00012,,EMP00005,EMP00001,,Active
EMP00605,Emma Davis,EMP00162,EMP00011,EMP00001,,,,,Level 1,Level 2,Level 3,,,,,EMP00011,,EMP00001,EMP00001,,Active
EMP00606,Luke Morgan,EMP00171,EMP00008,EMP00005,EMP00001,,,,Level 1,Level 2,Level 3,Level 4,,,,EMP00008,,EMP00005,EMP00001,,Active
EMP00607,Luke Miller,EMP00245,EMP00011,EMP00001,,,,,Level 1,Level 2,Level 3,,,,,EMP00011,,EMP00001,EMP00001,,Active
EMP00608,Sage Wright,EMP00013,EMP00002,EMP00001,,,,,Level 1,Level 2,Level 3,,,,,EMP00013,EMP00002,EMP00002,EMP00001,,Active
EMP00609,Skyler Carter,EMP00151,EMP00008,EMP00005,EMP00001,,,,Level 1,Level 2,Level 3,Level 4,,,,EMP00008,,EMP00005,EMP00001,,Active
EMP00610,Will Allen,EMP00437,EMP00012,EMP00005,EMP00001,,,,Level 1,Level 2,Level 3,Level 4,,,,EMP00012,,EMP00005,EMP00001,,Active
EMP00611,Sage Lewis,EMP00362,EMP00011,EMP00001,,,,,Level 1,Level 2,Level 3,,,,,EMP00011,,EMP00001,EMP00001,,Active
EMP00612,Jordan Gonzalez,EMP00363,EMP00012,EMP00005,EMP00001,,,,Level 1,Level 2,Level 3,Level 4,,,,EMP00012,,EMP00005,EMP00001,,Terminated
EMP00613,Olivia Baker,EMP00437,EMP00012,EMP00005,EMP00001,,,,Level 1,Level 2,Level 3,Level 4,,,,EMP00012,,EMP00005,EMP00001,,Active
EMP00614,Michael Clark,EMP00014,EMP00003,EMP00001,,,,,Level 1,Level 2,Level 3,,,,,EMP00014,,EMP00003,EMP00001,,Leave of Absence
EMP00615,Nora Clark,EMP00014,EMP00003,EMP00001,,,,,Level 1,Level 2,Level 3,,,,,EMP00014,,EMP00003,EMP00001,,Active
EMP00616,Mia Robinson,EMP00012,EMP00005,EMP00001,,,,,Level 1,Level 2,Level 3,,,,,EMP00012,,EMP00005,EMP00001,,Active
EMP00617,Kayla Martin,EMP00289,EMP00013,EMP00002,EMP00001,,,,Level 1,Level 2,Level 3,Level 4,,,,EMP00013,EMP00002,EMP00002,EMP00001,,Active
EMP00618,Kai Taylor,EMP00415,EMP00008,EMP00005,EMP00001,,,,Level 1,Level 2,Level 3,Level 4,,,,EMP00008,,EMP00005,EMP00001,,Active
EMP00619,Ben Wilson,EMP00010,EMP00005,EMP00001,,,,,Level 1,Level 2,Level 3,,,,,EMP00010,,EMP00005,EMP00001,,Active
EMP00620,Peyton Cook,EMP00437,EMP00012,EMP00005,EMP00001,,,,Level 1,Level 2,Level 3,Level 4,,,,EMP00012,,EMP00005,EMP00001,,Active
EMP00621,Kai Collins,EMP00257,EMP00012,EMP00005,EMP00001,,,,Level 1,Level 2,Level 3,Level 4,,,,EMP00012,,EMP00005,EMP00001,,Active
EMP00622,Finn Miller,EMP00162,EMP00011,EMP00001,,,,,Level 1,Level 2,Level 3,,,,,EMP00011,,EMP00001,EMP00001,,Terminated
EMP00623,Dylan Robinson,EMP00334,EMP00011,EMP00001,,,,,Level 1,Level 2,Level 3,,,,,EMP00011,,EMP00001,EMP00001,,Active
EMP00624,Ivy Hernandez,EMP00366,EMP00013,EMP00002,EMP00001,,,,Level 1,Level 2,Level 3,Level 4,,,,EMP00013,EMP00002,EMP00002,EMP00001,,Active
EMP00625,Miles Green,EMP00250,EMP00013,EMP00002,EMP00001,,,,Level 1,Level 2,Level 3,Level 4,,,,EMP00013,EMP00002,EMP00002,EMP00001,,Active
EMP00626,Riley Wilson,EMP00010,EMP00005,EMP00001,,,,,Level 1,Level 2,Level 3,,,,,EMP00010,,EMP00005,EMP00001,,Active
EMP00627,Michael Thompson,EMP00134,EMP00013,EMP00002,EMP00001,,,,Level 1,Level 2,Level 3,Level 4,,,,EMP00013,EMP00002,EMP00002,EMP00001,,Active
EMP00628,Will Ramirez,EMP00344,EMP00011,EMP00001,,,,,Level 1,Level 2,Level 3,,,,,EMP00011,,EMP00001,EMP00001,,Active
EMP00629,Mia Morgan,EMP00289,EMP00013,EMP00002,EMP00001,,,,Level 1,Level 2,Level 3,Level 4,,,,EMP00013,EMP00002,EMP00002,EMP00001,,Active
EMP00630,Mia Mitchell,EMP00010,EMP00005,EMP00001,,,,,Level 1,Level 2,Level 3,,,,,EMP00010,,EMP00005,EMP00001,,Active
EMP00631,Andrew Garcia,EMP00012,EMP00005,EMP00001,,,,,Level 1,Level 2,Level 3,,,,,EMP00012,,EMP00005,EMP00001,,Contractor
EMP00632,Drew Phillips,EMP00306,EMP00009,EMP00003,EMP00001,,,,Level 1,Level 2,Level 3,Level 4,,,,EMP00009,,EMP00003,EMP00001,,Active
EMP00633,Skyler Allen,EMP00408,EMP00013,EMP00002,EMP00001,,,,Level 1,Level 2,Level 3,Level 4,,,,EMP00013,EMP00002,EMP00002,EMP00001,,Active
EMP00634,Morgan Edwards,EMP00245,EMP00011,EMP00001,,,,,Level 1,Level 2,Level 3,,,,,EMP00011,,EMP00001,EMP00001,,Active
EMP00635,June Harris,EMP00429,EMP00013,EMP00002,EMP00001,,,,Level 1,Level 2,Level 3,Level 4,,,,EMP00013,EMP00002,EMP00002,EMP00001,,Active
EMP00636,Bryn Garcia,EMP00363,EMP00012,EMP00005,EMP00001,,,,Level 1,Level 2,Level 3,Level 4,,,,EMP00012,,EMP00005,EMP00001,,Active
EMP00637,Luna Parker,EMP00134,EMP00013,EMP00002,EMP00001,,,,Level 1,Level 2,Level 3,Level 4,,,,EMP00013,EMP00002,EMP00002,EMP00001,,Active
EMP00638,Ryan Evans,EMP00282,EMP00013,EMP00002,EMP00001,,,,Level 1,Level 2,Level 3,Level 4,,,,EMP00013,EMP00002,EMP00002,EMP00001,,Active
EMP00639,Violet Parker,EMP00289,EMP00013,EMP00002,EMP00001,,,,Level 1,Level 2,Level 3,Level 4,,,,EMP00013,EMP00002,EMP00002,EMP00001,,Active
EMP00640,Owen Gonzalez,EMP00342,EMP00010,EMP00005,EMP00001,,,,Level 1,Level 2,Level 3,Level 4,,,,EMP00010,,EMP00005,EMP00001,,Active
EMP00641,Ezra White,EMP00024,EMP00010,EMP00005,EMP00001,,,,Level 1,Level 2,Level 3,Level 4,,,,EMP00010,,EMP00005,EMP00001,,Terminated
EMP00642,Hazel Allen,EMP00024,EMP00010,EMP00005,EMP00001,,,,Level 1,Level 2,Level 3,Level 4,,,,EMP00010,,EMP00005,EMP00001,,Active
EMP00643,Kai Walker,EMP00496,EMP00012,EMP00005,EMP00001,,,,Level 1,Level 2,Level 3,Level 4,,,,EMP00012,,EMP00005,EMP00001,,Active
EMP00644,Owen Carter,EMP00344,EMP00011,EMP00001,,,,,Level 1,Level 2,Level 3,,,,,EMP00011,,EMP00001,EMP00001,,Active
EMP00645,Aurora Roberts,EMP00245,EMP00011,EMP00001,,,,,Level 1,Level 2,Level 3,,,,,EMP00011,,EMP00001,EMP00001,,Terminated
EMP00646,Stephanie Campbell,EMP00014,EMP00003,EMP00001,,,,,Level 1,Level 2,Level 3,,,,,EMP00014,,EMP00003,EMP00001,,Active
EMP00647,Emerson Cook,EMP00614,EMP00014,EMP00003,EMP00001,,,,Level 1,Level 2,Level 3,Level 4,,,,EMP00014,,EMP00003,EMP00001,,Active
EMP00648,Aria Wilson,EMP00416,EMP00013,EMP00002,EMP00001,,,,Level 1,Level 2,Level 3,Level 4,,,,EMP00013,EMP00002,EMP00002,EMP00001,,Active
EMP00649,Finn Jones,EMP00257,EMP00012,EMP00005,EMP00001,,,,Level 1,Level 2,Level 3,Level 4,,,,EMP00012,,EMP00005,EMP00001,,Active
EMP00650,Kevin Phillips,EMP00246,EMP00009,EMP00003,EMP00001,,,,Level 1,Level 2,Level 3,Level 4,,,,EMP00009,,EMP00003,EMP00001,,Active
EMP00651,Daniel Lewis,EMP00009,EMP00003,EMP00001,,,,,Level 1,Level 2,Level 3,,,,,EMP00009,,EMP00003,EMP00001,,Active
EMP00652,Luke Allen,EMP00282,EMP00013,EMP00002,EMP00001,,,,Level 1,Level 2,Level 3,Level 4,,,,EMP00013,EMP00002,EMP00002,EMP00001,,Active
EMP00653,Violet Hernandez,EMP00608,EMP00013,EMP00002,EMP00001,,,,Level 1,Level 2,Level 3,Level 4,,,,EMP00013,EMP00002,EMP00002,EMP00001,,Active
EMP00654,Isla Walker,EMP00193,EMP00009,EMP00003,EMP00001,,,,Level 1,Level 2,Level 3,Level 4,,,,EMP00009,,EMP00003,EMP00001,,Active
EMP00655,Hannah Walker,EMP00415,EMP00008,EMP00005,EMP00001,,,,Level 1,Level 2,Level 3,Level 4,,,,EMP00008,,EMP00005,EMP00001,,Active
EMP00656,Ezra Evans,EMP00363,EMP00012,EMP00005,EMP00001,,,,Level 1,Level 2,Level 3,Level 4,,,,EMP00012,,EMP00005,EMP00001,,Active
EMP00657,Sarah Thomas,EMP00445,EMP00014,EMP00003,EMP00001,,,,Level 1,Level 2,Level 3,Level 4,,,,EMP00014,,EMP00003,EMP00001,,Active
EMP00658,Kai Morgan,EMP00152,EMP00008,EMP00005,EMP00001,,,,Level 1,Level 2,Level 3,Level 4,,,,EMP00008,,EMP00005,EMP00001,,Active
EMP00659,Morgan Rodriguez,EMP00185,EMP00009,EMP00003,EMP00001,,,,Level 1,Level 2,Level 3,Level 4,,,,EMP00009,,EMP00003,EMP00001,,Active
EMP00660,Amanda Davis,EMP00496,EMP00012,EMP00005,EMP00001,,,,Level 1,Level 2,Level 3,Level 4,,,,EMP00012,,EMP00005,EMP00001,,Active
EMP00661,James Campbell,EMP00429,EMP00013,EMP00002,EMP00001,,,,Level 1,Level 2,Level 3,Level 4,,,,EMP00013,EMP00002,EMP00002,EMP00001,,Active
EMP00662,Bryn Perez,EMP00367,EMP00010,EMP00005,EMP00001,,,,Level 1,Level 2,Level 3,Level 4,,,,EMP00010,,EMP00005,EMP00001,,Active
EMP00663,Bryn Morgan,EMP00060,EMP00010,EMP00005,EMP00001,,,,Level 1,Level 2,Level 3,Level 4,,,,EMP00010,,EMP00005,EMP00001,,Active
EMP00664,Will Hernandez,EMP00414,EMP00010,EMP00005,EMP00001,,,,Level 1,Level 2,Level 3,Level 4,,,,EMP00010,,EMP00005,EMP00001,,Active
EMP00665,Brian Evans,EMP00011,EMP00001,,,,,,Level 1,Level 2,,,,,,EMP00011,,EMP00001,EMP00001,,Active
EMP00666,Jake Allen,EMP00008,EMP00005,EMP00001,,,,,Level 1,Level 2,Level 3,,,,,EMP00008,,EMP00005,EMP00001,,Active
EMP00667,Leo Johnson,EMP00010,EMP00005,EMP00001,,,,,Level 1,Level 2,Level 3,,,,,EMP00010,,EMP00005,EMP00001,,Active
EMP00668,Ryan Clark,EMP00157,EMP00009,EMP00003,EMP00001,,,,Level 1,Level 2,Level 3,Level 4,,,,EMP00009,,EMP00003,EMP00001,,Active
EMP00669,Taylor Rivera,EMP00366,EMP00013,EMP00002,EMP00001,,,,Level 1,Level 2,Level 3,Level 4,,,,EMP00013,EMP00002,EMP00002,EMP00001,,Active
EMP00670,Daniel Walker,EMP00437,EMP00012,EMP00005,EMP00001,,,,Level 1,Level 2,Level 3,Level 4,,,,EMP00012,,EMP00005,EMP00001,,Active
EMP00671,Violet Campbell,EMP00616,EMP00012,EMP00005,EMP00001,,,,Level 1,Level 2,Level 3,Level 4,,,,EMP00012,,EMP00005,EMP00001,,Active
EMP00672,Hazel Carter,EMP00363,EMP00012,EMP00005,EMP00001,,,,Level 1,Level 2,Level 3,Level 4,,,,EMP00012,,EMP00005,EMP00001,,Active
EMP00673,Matt Baker,EMP00439,EMP00011,EMP00001,,,,,Level 1,Level 2,Level 3,,,,,EMP00011,,EMP00001,EMP00001,,Active
EMP00674,Olivia Nelson,EMP00445,EMP00014,EMP00003,EMP00001,,,,Level 1,Level 2,Level 3,Level 4,,,,EMP00014,,EMP00003,EMP00001,,Active
EMP00675,June Rodriguez,EMP00301,EMP00008,EMP00005,EMP00001,,,,Level 1,Level 2,Level 3,Level 4,,,,EMP00008,,EMP00005,EMP00001,,Active
EMP00676,Matt Morris,EMP00152,EMP00008,EMP00005,EMP00001,,,,Level 1,Level 2,Level 3,Level 4,,,,EMP00008,,EMP00005,EMP00001,,Active
EMP00677,David Mitchell,EMP00014,EMP00003,EMP00001,,,,,Level 1,Level 2,Level 3,,,,,EMP00014,,EMP00003,EMP00001,,Contractor
EMP00678,Sarah Taylor,EMP00151,EMP00008,EMP00005,EMP00001,,,,Level 1,Level 2,Level 3,Level 4,,,,EMP00008,,EMP00005,EMP00001,,Active
EMP00679,Dylan Jones,EMP00009,EMP00003,EMP00001,,,,,Level 1,Level 2,Level 3,,,,,EMP00009,,EMP00003,EMP00001,,Active
EMP00680,Rowan Walker,EMP00679,EMP00009,EMP00003,EMP00001,,,,Level 1,Level 2,Level 3,Level 4,,,,EMP00009,,EMP00003,EMP00001,,Active
EMP00681,Jason King,EMP00391,EMP00012,EMP00005,EMP00001,,,,Level 1,Level 2,Level 3,Level 4,,,,EMP00012,,EMP00005,EMP00001,,Active
EMP00682,Michael Smith,EMP00271,EMP00011,EMP00001,,,,,Level 1,Level 2,Level 3,,,,,EMP00011,,EMP00001,EMP00001,,Active
EMP00683,Tyler White,EMP00614,EMP00014,EMP00003,EMP00001,,,,Level 1,Level 2,Level 3,Level 4,,,,EMP00014,,EMP00003,EMP00001,,Active
EMP00684,Taylor Baker,EMP00355,EMP00011,EMP00001,,,,,Level 1,Level 2,Level 3,,,,,EMP00011,,EMP00001,EMP00001,,Active
EMP00685,Ryan Wilson,EMP00056,EMP00009,EMP00003,EMP00001,,,,Level 1,Level 2,Level 3,Level 4,,,,EMP00009,,EMP00003,EMP00001,,Active
EMP00686,Rachel Parker,EMP00362,EMP00011,EMP00001,,,,,Level 1,Level 2,Level 3,,,,,EMP00011,,EMP00001,EMP00001,,Active
EMP00687,Liam Adams,EMP00667,EMP00010,EMP00005,EMP00001,,,,Level 1,Level 2,Level 3,Level 4,,,,EMP00010,,EMP00005,EMP00001,,Active
EMP00688,Jason Lewis,EMP00245,EMP00011,EMP00001,,,,,Level 1,Level 2,Level 3,,,,,EMP00011,,EMP00001,EMP00001,,Active
EMP00689,Kayla Johnson,EMP00185,EMP00009,EMP00003,EMP00001,,,,Level 1,Level 2,Level 3,Level 4,,,,EMP00009,,EMP00003,EMP00001,,Active
EMP00690,Chloe White,EMP00665,EMP00011,EMP00001,,,,,Level 1,Level 2,Level 3,,,,,EMP00011,,EMP00001,EMP00001,,Active
EMP00691,Hazel Moore,EMP00162,EMP00011,EMP00001,,,,,Level 1,Level 2,Level 3,,,,,EMP00011,,EMP00001,EMP00001,,Active
EMP00692,Olivia Torres,EMP00215,EMP00009,EMP00003,EMP00001,,,,Level 1,Level 2,Level 3,Level 4,,,,EMP00009,,EMP00003,EMP00001,,Active
EMP00693,Alex Adams,EMP00157,EMP00009,EMP00003,EMP00001,,,,Level 1,Level 2,Level 3,Level 4,,,,EMP00009,,EMP00003,EMP00001,,Active
EMP00694,David Sanchez,EMP00437,EMP00012,EMP00005,EMP00001,,,,Level 1,Level 2,Level 3,Level 4,,,,EMP00012,,EMP00005,EMP00001,,Active
EMP00695,Emily Lopez,EMP00060,EMP00010,EMP00005,EMP00001,,,,Level 1,Level 2,Level 3,Level 4,,,,EMP00010,,EMP00005,EMP00001,,Active
EMP00696,Isla Smith,EMP00193,EMP00009,EMP00003,EMP00001,,,,Level 1,Level 2,Level 3,Level 4,,,,EMP00009,,EMP00003,EMP00001,,Active
EMP00697,Andrew Allen,EMP00009,EMP00003,EMP00001,,,,,Level 1,Level 2,Level 3,,,,,EMP00009,,EMP00003,EMP00001,,Active
EMP00698,Jade Morris,EMP00151,EMP00008,EMP00005,EMP00001,,,,Level 1,Level 2,Level 3,Level 4,,,,EMP00008,,EMP00005,EMP00001,,Active
EMP00699,Isla Torres,EMP00135,EMP00010,EMP00005,EMP00001,,,,Level 1,Level 2,Level 3,Level 4,,,,EMP00010,,EMP00005,EMP00001,,Active
EMP00700,Cole Miller,EMP00665,EMP00011,EMP00001,,,,,Level 1,Level 2,Level 3,,,,,EMP00011,,EMP00001,EMP00001,,Active
EMP00701,Avery Wright,EMP00014,EMP00003,EMP00001,,,,,Level 1,Level 2,Level 3,,,,,EMP00014,,EMP00003,EMP00001,,Active
EMP00702,Ezra Lopez,EMP00009,EMP00003,EMP00001,,,,,Level 1,Level 2,Level 3,,,,,EMP00009,,EMP00003,EMP00001,,Active
EMP00703,Luke Lopez,EMP00583,EMP00012,EMP00005,EMP00001,,,,Level 1,Level 2,Level 3,Level 4,,,,EMP00012,,EMP00005,EMP00001,,Active
EMP00704,Noah Moore,EMP00646,EMP00014,EMP00003,EMP00001,,,,Level 1,Level 2,Level 3,Level 4,,,,EMP00014,,EMP00003,EMP00001,,Active
EMP00705,Rachel Wright,EMP00289,EMP00013,EMP00002,EMP00001,,,,Level 1,Level 2,Level 3,Level 4,,,,EMP00013,EMP00002,EMP00002,EMP00001,,Active
EMP00706,Chris King,EMP00367,EMP00010,EMP00005,EMP00001,,,,Level 1,Level 2,Level 3,Level 4,,,,EMP00010,,EMP00005,EMP00001,,Active
EMP00707,Brian Phillips,EMP00353,EMP00010,EMP00005,EMP00001,,,,Level 1,Level 2,Level 3,Level 4,,,,EMP00010,,EMP00005,EMP00001,,Active
EMP00708,Luke Carter,EMP00013,EMP00002,EMP00001,,,,,Level 1,Level 2,Level 3,,,,,EMP00013,EMP00002,EMP00002,EMP00001,,Active
EMP00709,Emerson Phillips,EMP00366,EMP00013,EMP00002,EMP00001,,,,Level 1,Level 2,Level 3,Level 4,,,,EMP00013,EMP00002,EMP00002,EMP00001,,Active
EMP00710,Leo Morgan,EMP00445,EMP00014,EMP00003,EMP00001,,,,Level 1,Level 2,Level 3,Level 4,,,,EMP00014,,EMP00003,EMP00001,,Active
EMP00711,Ben Baker,EMP00702,EMP00009,EMP00003,EMP00001,,,,Level 1,Level 2,Level 3,Level 4,,,,EMP00009,,EMP00003,EMP00001,,Active
EMP00712,Chris Morris,EMP00697,EMP00009,EMP00003,EMP00001,,,,Level 1,Level 2,Level 3,Level 4,,,,EMP00009,,EMP00003,EMP00001,,Active
EMP00713,Kayla Wilson,EMP00363,EMP00012,EMP00005,EMP00001,,,,Level 1,Level 2,Level 3,Level 4,,,,EMP00012,,EMP00005,EMP00001,,Active
EMP00714,Avery Gonzalez,EMP00414,EMP00010,EMP00005,EMP00001,,,,Level 1,Level 2,Level 3,Level 4,,,,EMP00010,,EMP00005,EMP00001,,Active
EMP00715,Bryn Edwards,EMP00445,EMP00014,EMP00003,EMP00001,,,,Level 1,Level 2,Level 3,Level 4,,,,EMP00014,,EMP00003,EMP00001,,Active
EMP00716,Emily Lee,EMP00598,EMP00010,EMP00005,EMP00001,,,,Level 1,Level 2,Level 3,Level 4,,,,EMP00010,,EMP00005,EMP00001,,Terminated
EMP00717,Ryan Clark,EMP00282,EMP00013,EMP00002,EMP00001,,,,Level 1,Level 2,Level 3,Level 4,,,,EMP00013,EMP00002,EMP00002,EMP00001,,Active
EMP00718,Noah Walker,EMP00010,EMP00005,EMP00001,,,,,Level 1,Level 2,Level 3,,,,,EMP00010,,EMP00005,EMP00001,,Contractor
EMP00719,Liam Rogers,EMP00355,EMP00011,EMP00001,,,,,Level 1,Level 2,Level 3,,,,,EMP00011,,EMP00001,EMP00001,,Active
EMP00720,Cole Lee,EMP00345,EMP00012,EMP00005,EMP00001,,,,Level 1,Level 2,Level 3,Level 4,,,,EMP00012,,EMP00005,EMP00001,,Active
EMP00721,Noah Gonzalez,EMP00496,EMP00012,EMP00005,EMP00001,,,,Level 1,Level 2,Level 3,Level 4,,,,EMP00012,,EMP00005,EMP00001,,Active
EMP00722,Ben Moore,EMP00092,EMP00010,EMP00005,EMP00001,,,,Level 1,Level 2,Level 3,Level 4,,,,EMP00010,,EMP00005,EMP00001,,Active
EMP00723,Sarah Smith,EMP00599,EMP00013,EMP00002,EMP00001,,,,Level 1,Level 2,Level 3,Level 4,,,,EMP00013,EMP00002,EMP00002,EMP00001,,Contractor
EMP00724,Rachel Garcia,EMP00013,EMP00002,EMP00001,,,,,Level 1,Level 2,Level 3,,,,,EMP00013,EMP00002,EMP00002,EMP00001,,Active
EMP00725,Peyton Murphy,EMP00261,EMP00013,EMP00002,EMP00001,,,,Level 1,Level 2,Level 3,Level 4,,,,EMP00013,EMP00002,EMP00002,EMP00001,,Active
EMP00726,Peyton Jackson,EMP00353,EMP00010,EMP00005,EMP00001,,,,Level 1,Level 2,Level 3,Level 4,,,,EMP00010,,EMP00005,EMP00001,,Active
EMP00727,Dylan Cook,EMP00708,EMP00013,EMP00002,EMP00001,,,,Level 1,Level 2,Level 3,Level 4,,,,EMP00013,EMP00002,EMP00002,EMP00001,,Active
EMP00728,Chloe Young,EMP00646,EMP00014,EMP00003,EMP00001,,,,Level 1,Level 2,Level 3,Level 4,,,,EMP00014,,EMP00003,EMP00001,,Active
EMP00729,Luna Johnson,EMP00009,EMP00003,EMP00001,,,,,Level 1,Level 2,Level 3,,,,,EMP00009,,EMP00003,EMP00001,,Active
EMP00730,Sam Perez,EMP00193,EMP00009,EMP00003,EMP00001,,,,Level 1,Level 2,Level 3,Level 4,,,,EMP00009,,EMP00003,EMP00001,,Active
EMP00731,Ella Turner,EMP00011,EMP00001,,,,,,Level 1,Level 2,,,,,,EMP00011,,EMP00001,EMP00001,,Contractor
EMP00732,Isla Jackson,EMP00010,EMP00005,EMP00001,,,,,Level 1,Level 2,Level 3,,,,,EMP00010,,EMP00005,EMP00001,,Active
EMP00733,Sage Perez,EMP00595,EMP00009,EMP00003,EMP00001,,,,Level 1,Level 2,Level 3,Level 4,,,,EMP00009,,EMP00003,EMP00001,,Active
EMP00734,Michael King,EMP00193,EMP00009,EMP00003,EMP00001,,,,Level 1,Level 2,Level 3,Level 4,,,,EMP00009,,EMP00003,EMP00001,,Active
EMP00735,Lily Stewart,EMP00594,EMP00013,EMP00002,EMP00001,,,,Level 1,Level 2,Level 3,Level 4,,,,EMP00013,EMP00002,EMP00002,EMP00001,,Terminated
EMP00736,Noah Ramirez,EMP00011,EMP00001,,,,,,Level 1,Level 2,,,,,,EMP00011,,EMP00001,EMP00001,,Active
EMP00737,Nate Miller,EMP00134,EMP00013,EMP00002,EMP00001,,,,Level 1,Level 2,Level 3,Level 4,,,,EMP00013,EMP00002,EMP00002,EMP00001,,Active
EMP00738,Noah Scott,EMP00731,EMP00011,EMP00001,,,,,Level 1,Level 2,Level 3,,,,,EMP00011,,EMP00001,EMP00001,,Active
EMP00739,Amanda Martinez,EMP00345,EMP00012,EMP00005,EMP00001,,,,Level 1,Level 2,Level 3,Level 4,,,,EMP00012,,EMP00005,EMP00001,,Active
EMP00740,Jade Stewart,EMP00023,EMP00014,EMP00003,EMP00001,,,,Level 1,Level 2,Level 3,Level 4,,,,EMP00014,,EMP00003,EMP00001,,Active
EMP00741,Amanda Allen,EMP00011,EMP00001,,,,,,Level 1,Level 2,,,,,,EMP00011,,EMP00001,EMP00001,,Active
EMP00742,Alex Thompson,EMP00152,EMP00008,EMP00005,EMP00001,,,,Level 1,Level 2,Level 3,Level 4,,,,EMP00008,,EMP00005,EMP00001,,Active
EMP00743,Drew Taylor,EMP00289,EMP00013,EMP00002,EMP00001,,,,Level 1,Level 2,Level 3,Level 4,,,,EMP00013,EMP00002,EMP00002,EMP00001,,Active
EMP00744,Megan Parker,EMP00014,EMP00003,EMP00001,,,,,Level 1,Level 2,Level 3,,,,,EMP00014,,EMP00003,EMP00001,,Active
EMP00745,Violet Phillips,EMP00567,EMP00014,EMP00003,EMP00001,,,,Level 1,Level 2,Level 3,Level 4,,,,EMP00014,,EMP00003,EMP00001,,Active
EMP00746,Alex Martin,EMP00215,EMP00009,EMP00003,EMP00001,,,,Level 1,Level 2,Level 3,Level 4,,,,EMP00009,,EMP00003,EMP00001,,Active
EMP00747,Will Martinez,EMP00171,EMP00008,EMP00005,EMP00001,,,,Level 1,Level 2,Level 3,Level 4,,,,EMP00008,,EMP00005,EMP00001,,Active
EMP00748,Stephanie Wilson,EMP00429,EMP00013,EMP00002,EMP00001,,,,Level 1,Level 2,Level 3,Level 4,,,,EMP00013,EMP00002,EMP00002,EMP00001,,Active
EMP00749,Taylor Carter,EMP00408,EMP00013,EMP00002,EMP00001,,,,Level 1,Level 2,Level 3,Level 4,,,,EMP00013,EMP00002,EMP00002,EMP00001,,Active
EMP00750,June Hernandez,EMP00171,EMP00008,EMP00005,EMP00001,,,,Level 1,Level 2,Level 3,Level 4,,,,EMP00008,,EMP00005,EMP00001,,Active
